cohort,fact_id,subject_qid,subject_unmarked,subject_marked,answer,answer_aliases,distractor,unmarked_output,marked_output,unmarked_exact,marked_exact,unmarked_prefix_rematch,marked_prefix_rematch,unmarked_normalized,marked_normalized,name_source,independent_fact_source,identity_source,verification_status
arabic_geonames,Q1004510-GeoNames-country-ZM,Q1004510,مبيكا,مَبِيكَا,زامبيا,زامبيا,ناميبيا,جنوب أفريقيا,كينيا,False,False,False,False,جنوب أفريقيا,كينيا,https://github.com/CAMeL-Lab/CamelProp/blob/main/CamelPROPWIKID3K.tsv,https://www.geonames.org/905846,https://www.wikidata.org/wiki/Q1004510,cross_source_checked_no_independent_speaker_review
arabic_geonames,Q1004686-GeoNames-country-NO,Q1004686,ساندنشان,سَانْدِنْشَان,النرويج,النرويج,السويد,الصين,الصين,False,False,False,False,الصين,الصين,https://github.com/CAMeL-Lab/CamelProp/blob/main/CamelPROPWIKID3K.tsv,https://www.geonames.org/3140301,https://www.wikidata.org/wiki/Q1004686,cross_source_checked_no_independent_speaker_review
arabic_geonames,Q1006545-GeoNames-country-RS,Q1006545,ديسبوتوفاتس,دِيسْبُوتُوفَاتْس,صربيا,صربيا,بلغاريا,الجبل الأسود,روسيا,False,False,False,False,الجبل الأسود,روسيا,https://github.com/CAMeL-Lab/CamelProp/blob/main/CamelPROPWIKID3K.tsv,https://www.geonames.org/791516,https://www.wikidata.org/wiki/Q1006545,cross_source_checked_no_independent_speaker_review
arabic_geonames,Q1013413-GeoNames-country-ZA,Q1013413,بولبطرسبرغ,بُولْبِطِرِسْبُرْغ,جنوب أفريقيا,جنوب أفريقيا,زيمبابوي,روسيا,النِمْلُ,False,False,False,False,روسيا,النمل,https://github.com/CAMeL-Lab/CamelProp/blob/main/CamelPROPWIKID3K.tsv,https://www.geonames.org/966060,https://www.wikidata.org/wiki/Q1013413,cross_source_checked_no_independent_speaker_review
arabic_geonames,Q1015672-GeoNames-country-NZ,Q1015672,وانجانوي,وَانْجَانُوي,نيوزيلندا,نيوزيلندا,أستراليا,تونس,الصين,False,False,False,False,تونس,الصين,https://github.com/CAMeL-Lab/CamelProp/blob/main/CamelPROPWIKID3K.tsv,https://www.geonames.org/2179670,https://www.wikidata.org/wiki/Q1015672,cross_source_checked_no_independent_speaker_review
arabic_geonames,Q1017376-GeoNames-country-PG,Q1017376,بوبونديتا,بُوبُونْدِيتَا,بابوا غينيا الجديدة,بابوا غينيا الجديدة,نيوزيلندا,الهند,المكسيك,False,False,False,False,الهند,المكسيك,https://github.com/CAMeL-Lab/CamelProp/blob/main/CamelPROPWIKID3K.tsv,https://www.geonames.org/2088163,https://www.wikidata.org/wiki/Q1017376,cross_source_checked_no_independent_speaker_review
arabic_geonames,Q1019575-GeoNames-country-SE,Q1019575,يوسدال,يُوسْدَال,السويد,السويد,النرويج,النرويج,النرويج,False,False,False,False,النرويج,النرويج,https://github.com/CAMeL-Lab/CamelProp/blob/main/CamelPROPWIKID3K.tsv,https://www.geonames.org/2694503,https://www.wikidata.org/wiki/Q1019575,cross_source_checked_no_independent_speaker_review
arabic_geonames,Q1020939-GeoNames-country-PH,Q1020939,ديغوس,دِيغُوس,الفلبين,الفلبين,إسرائيل,كولومبيا,الإجابة: باراغواي,False,False,False,False,كولومبيا,الإجابة: باراغواي,https://github.com/CAMeL-Lab/CamelProp/blob/main/CamelPROPWIKID3K.tsv,https://www.geonames.org/1714956,https://www.wikidata.org/wiki/Q1020939,cross_source_checked_no_independent_speaker_review
arabic_geonames,Q1022275-GeoNames-country-AR,Q1022275,نيكوتشيا,نِيكُوتْشِيَا,الأرجنتين,الأرجنتين,بوليفيا,المكسيك,المكسيك,False,False,False,False,المكسيك,المكسيك,https://github.com/CAMeL-Lab/CamelProp/blob/main/CamelPROPWIKID3K.tsv,https://www.geonames.org/3430443,https://www.wikidata.org/wiki/Q1022275,cross_source_checked_no_independent_speaker_review
arabic_geonames,Q1026445-GeoNames-country-PH,Q1026445,كابانكالان,كَابَانْكَالَان,الفلبين,الفلبين,إسرائيل,ماليزيا,كندا,False,False,False,False,ماليزيا,كندا,https://github.com/CAMeL-Lab/CamelProp/blob/main/CamelPROPWIKID3K.tsv,https://www.geonames.org/1709968,https://www.wikidata.org/wiki/Q1026445,cross_source_checked_no_independent_speaker_review
arabic_geonames,Q10640373-GeoNames-country-GR,Q10640373,إيريسوس,إِيرِيسُوس,اليونان,اليونان,بلغاريا,اليونان,اليونان.,True,True,True,True,اليونان,اليونان,https://github.com/CAMeL-Lab/CamelProp/blob/main/CamelPROPWIKID3K.tsv,https://www.geonames.org/736130,https://www.wikidata.org/wiki/Q10640373,cross_source_checked_no_independent_speaker_review
arabic_geonames,Q106681-GeoNames-country-PL,Q106681,فوتسوافك,فُوتْسْوَافِك,بولندا,بولندا,التشيك,اليابان,بولندا,False,True,False,True,اليابان,بولندا,https://github.com/CAMeL-Lab/CamelProp/blob/main/CamelPROPWIKID3K.tsv,https://www.geonames.org/3081741,https://www.wikidata.org/wiki/Q106681,cross_source_checked_no_independent_speaker_review
arabic_geonames,Q11449-GeoNames-country-ID,Q11449,باسوروان,بَاسُورُوَان,إندونيسيا,إندونيسيا,ماليزيا,الإجابة: إندونيسيا,الهند,False,False,True,False,الإجابة: إندونيسيا,الهند,https://github.com/CAMeL-Lab/CamelProp/blob/main/CamelPROPWIKID3K.tsv,https://www.geonames.org/1632033,https://www.wikidata.org/wiki/Q11449,cross_source_checked_no_independent_speaker_review
arabic_geonames,Q1149502-GeoNames-country-SY,Q1149502,جرابلس,جَرَابُلُس,سوريا,سوريا,لبنان,تركيا,ليبيا,False,False,False,False,تركيا,ليبيا,https://github.com/CAMeL-Lab/CamelProp/blob/main/CamelPROPWIKID3K.tsv,https://www.geonames.org/169179,https://www.wikidata.org/wiki/Q1149502,cross_source_checked_no_independent_speaker_review
arabic_geonames,Q1207076-GeoNames-country-CN,Q1207076,تينغتشو,تِينْغْتْشُو,الصين,الصين,الهند,الصين,الصين.,True,True,True,True,الصين,الصين,https://github.com/CAMeL-Lab/CamelProp/blob/main/CamelPROPWIKID3K.tsv,https://www.geonames.org/1793036,https://www.wikidata.org/wiki/Q1207076,cross_source_checked_no_independent_speaker_review
arabic_geonames,Q1251473-GeoNames-country-PK,Q1251473,جكوال,جَكْوَال,باكستان,باكستان,الصين,المكسيك,المكسيك,False,False,False,False,المكسيك,المكسيك,https://github.com/CAMeL-Lab/CamelProp/blob/main/CamelPROPWIKID3K.tsv,https://www.geonames.org/1181636,https://www.wikidata.org/wiki/Q1251473,cross_source_checked_no_independent_speaker_review
arabic_geonames,Q1253395-GeoNames-country-PK,Q1253395,خانيوال,خَانِيوَال,باكستان,باكستان,الصين,الهند,الهند,False,False,False,False,الهند,الهند,https://github.com/CAMeL-Lab/CamelProp/blob/main/CamelPROPWIKID3K.tsv,https://www.geonames.org/1174220,https://www.wikidata.org/wiki/Q1253395,cross_source_checked_no_independent_speaker_review
arabic_geonames,Q1261509-GeoNames-country-LT,Q1261509,دروسكينينكي,دْرُوسْكِينِينْكَي,ليتوانيا,ليتوانيا,لاتفيا,بولندا,روسيا,False,False,False,False,بولندا,روسيا,https://github.com/CAMeL-Lab/CamelProp/blob/main/CamelPROPWIKID3K.tsv,https://www.geonames.org/599757,https://www.wikidata.org/wiki/Q1261509,cross_source_checked_no_independent_speaker_review
arabic_geonames,Q1262380-GeoNames-country-IN,Q1262380,داهود,دَاهُود,الهند,الهند,الصين,المغرب,المغرب,False,False,False,False,المغرب,المغرب,https://github.com/CAMeL-Lab/CamelProp/blob/main/CamelPROPWIKID3K.tsv,https://www.geonames.org/1273687,https://www.wikidata.org/wiki/Q1262380,cross_source_checked_no_independent_speaker_review
arabic_geonames,Q126898-GeoNames-country-FR,Q126898,أنتيب,أَنْتِيب,فرنسا,فرنسا,بلجيكا,فرنسا,فرنسا.,True,True,True,True,فرنسا,فرنسا,https://github.com/CAMeL-Lab/CamelProp/blob/main/CamelPROPWIKID3K.tsv,https://www.geonames.org/3037456,https://www.wikidata.org/wiki/Q126898,cross_source_checked_no_independent_speaker_review
arabic_geonames,Q131662-GeoNames-country-ZA,Q131662,بولوكوان,بُولُوكْوَان,جنوب أفريقيا,جنوب أفريقيا,زيمبابوي,جنوب أفريقيا,المكسيك,True,False,True,False,جنوب أفريقيا,المكسيك,https://github.com/CAMeL-Lab/CamelProp/blob/main/CamelPROPWIKID3K.tsv,https://www.geonames.org/965289,https://www.wikidata.org/wiki/Q131662,cross_source_checked_no_independent_speaker_review
arabic_geonames,Q13378177-GeoNames-country-SI,Q13378177,سولتشافا,سُولْتْشَافَا,سلوفينيا,سلوفينيا,هنغاريا,النرويج,المكسيك,False,False,False,False,النرويج,المكسيك,https://github.com/CAMeL-Lab/CamelProp/blob/main/CamelPROPWIKID3K.tsv,https://www.geonames.org/3190360,https://www.wikidata.org/wiki/Q13378177,cross_source_checked_no_independent_speaker_review
arabic_geonames,Q134346-GeoNames-country-FR,Q134346,أنغوليم,أَنْغُولِيم,فرنسا,فرنسا,بلجيكا,فرنسا,البرتغال.,True,False,True,False,فرنسا,البرتغال,https://github.com/CAMeL-Lab/CamelProp/blob/main/CamelPROPWIKID3K.tsv,https://www.geonames.org/3037598,https://www.wikidata.org/wiki/Q134346,cross_source_checked_no_independent_speaker_review
arabic_geonames,Q1350362-GeoNames-country-KH,Q1350362,بانلونغ,بَانْلُونْغ,كمبوديا,كمبوديا,إسرائيل,ميانمار,الصين,False,False,False,False,ميانمار,الصين,https://github.com/CAMeL-Lab/CamelProp/blob/main/CamelPROPWIKID3K.tsv,https://www.geonames.org/1831732,https://www.wikidata.org/wiki/Q1350362,cross_source_checked_no_independent_speaker_review
arabic_geonames,Q1371634-GeoNames-country-GR,Q1371634,أيتوليكو,أَيْتُولِيكُو,اليونان,اليونان,بلغاريا,إيطاليا,المكسيك,False,False,False,False,إيطاليا,المكسيك,https://github.com/CAMeL-Lab/CamelProp/blob/main/CamelPROPWIKID3K.tsv,https://www.geonames.org/265507,https://www.wikidata.org/wiki/Q1371634,cross_source_checked_no_independent_speaker_review
arabic_geonames,Q1389472-GeoNames-country-IN,Q1389472,دومكا,دُومْكَا,الهند,الهند,الصين,السودان,الإجابة: إيطاليا,False,False,False,False,السودان,الإجابة: إيطاليا,https://github.com/CAMeL-Lab/CamelProp/blob/main/CamelPROPWIKID3K.tsv,https://www.geonames.org/1272237,https://www.wikidata.org/wiki/Q1389472,cross_source_checked_no_independent_speaker_review
arabic_geonames,Q143892-GeoNames-country-BF,Q143892,أورودارا,أُورُودَارَا,بوركينا فاسو,بوركينا فاسو,ساحل العاج,الهند,الهند.,False,False,False,False,الهند,الهند,https://github.com/CAMeL-Lab/CamelProp/blob/main/CamelPROPWIKID3K.tsv,https://www.geonames.org/2357062,https://www.wikidata.org/wiki/Q143892,cross_source_checked_no_independent_speaker_review
arabic_geonames,Q154715-GeoNames-country-FR,Q154715,مونتبليار,مُونْتْبْلِيَار,فرنسا,فرنسا,بلجيكا,فرنسا,إسبانيا,True,False,True,False,فرنسا,إسبانيا,https://github.com/CAMeL-Lab/CamelProp/blob/main/CamelPROPWIKID3K.tsv,https://www.geonames.org/2992938,https://www.wikidata.org/wiki/Q154715,cross_source_checked_no_independent_speaker_review
arabic_geonames,Q15858-GeoNames-country-SI,Q15858,برجيتسي,بْرِجِيتْسِي,سلوفينيا,سلوفينيا,هنغاريا,بلغاريا,النرويج,False,False,False,False,بلغاريا,النرويج,https://github.com/CAMeL-Lab/CamelProp/blob/main/CamelPROPWIKID3K.tsv,https://www.geonames.org/3203412,https://www.wikidata.org/wiki/Q15858,cross_source_checked_no_independent_speaker_review
arabic_geonames,Q16014-GeoNames-country-LU,Q16014,دوديلانج,دُودِيلَانْج,لوكسمبورغ,لوكسمبورغ,بلجيكا,الصين,الهند.,False,False,False,False,الصين,الهند,https://github.com/CAMeL-Lab/CamelProp/blob/main/CamelPROPWIKID3K.tsv,https://www.geonames.org/2960634,https://www.wikidata.org/wiki/Q16014,cross_source_checked_no_independent_speaker_review
arabic_geonames,Q1606115-GeoNames-country-ES,Q1606115,أمافيدا,أَمَافِيدَا,إسبانيا,إسبانيا,فرنسا,الأرجنتين,الهند.,False,False,False,False,الأرجنتين,الهند,https://github.com/CAMeL-Lab/CamelProp/blob/main/CamelPROPWIKID3K.tsv,https://www.geonames.org/3130191,https://www.wikidata.org/wiki/Q1606115,cross_source_checked_no_independent_speaker_review
arabic_geonames,Q1606829-GeoNames-country-ES,Q1606829,مونيوغراندي,مُونِيُوغْرَانْدِي,إسبانيا,إسبانيا,فرنسا,البرازيل,المكسيك,False,False,False,False,البرازيل,المكسيك,https://github.com/CAMeL-Lab/CamelProp/blob/main/CamelPROPWIKID3K.tsv,https://www.geonames.org/3115895,https://www.wikidata.org/wiki/Q1606829,cross_source_checked_no_independent_speaker_review
arabic_geonames,Q1618499-GeoNames-country-SI,Q1618499,فانغانل,فَانْغَانِل,سلوفينيا,سلوفينيا,هنغاريا,المكسيك,كندا,False,False,False,False,المكسيك,كندا,https://github.com/CAMeL-Lab/CamelProp/blob/main/CamelPROPWIKID3K.tsv,https://www.geonames.org/3343525,https://www.wikidata.org/wiki/Q1618499,cross_source_checked_no_independent_speaker_review
arabic_geonames,Q1628122-GeoNames-country-ES,Q1628122,سينلاباخوس,سِينْلَابَاخُوس,إسبانيا,إسبانيا,فرنسا,اليونان,اليونان.,False,False,False,False,اليونان,اليونان,https://github.com/CAMeL-Lab/CamelProp/blob/main/CamelPROPWIKID3K.tsv,https://www.geonames.org/3108906,https://www.wikidata.org/wiki/Q1628122,cross_source_checked_no_independent_speaker_review
arabic_geonames,Q1632465-GeoNames-country-ES,Q1632465,خيميالكون,خِيمِيَالْكُون,إسبانيا,إسبانيا,فرنسا,المكسيك,المكسيك,False,False,False,False,المكسيك,المكسيك,https://github.com/CAMeL-Lab/CamelProp/blob/main/CamelPROPWIKID3K.tsv,https://www.geonames.org/3121416,https://www.wikidata.org/wiki/Q1632465,cross_source_checked_no_independent_speaker_review
arabic_geonames,Q1649746-GeoNames-country-DZ,Q1649746,موزاية,مُوزَايَة,الجزائر,الجزائر,ليبيا,البرازيل,البرازيل,False,False,False,False,البرازيل,البرازيل,https://github.com/CAMeL-Lab/CamelProp/blob/main/CamelPROPWIKID3K.tsv,https://www.geonames.org/2486825,https://www.wikidata.org/wiki/Q1649746,cross_source_checked_no_independent_speaker_review
arabic_geonames,Q168648-GeoNames-country-HU,Q168648,شوبرون,شُوبْرُون,هنغاريا,هنغاريا,سلوفينيا,النمسا,فرنسا,False,False,False,False,النمسا,فرنسا,https://github.com/CAMeL-Lab/CamelProp/blob/main/CamelPROPWIKID3K.tsv,https://www.geonames.org/3045190,https://www.wikidata.org/wiki/Q168648,cross_source_checked_no_independent_speaker_review
arabic_geonames,Q173219-GeoNames-country-BE,Q173219,طرناي,طُرْنَاي,بلجيكا,بلجيكا,فرنسا,تركيا,ليبيا,False,False,False,False,تركيا,ليبيا,https://github.com/CAMeL-Lab/CamelProp/blob/main/CamelPROPWIKID3K.tsv,https://www.geonames.org/2785341,https://www.wikidata.org/wiki/Q173219,cross_source_checked_no_independent_speaker_review
arabic_geonames,Q174916-GeoNames-country-SY,Q174916,طرطوس,طَرْطُوس,سوريا,سوريا,لبنان,سورية,سورية,False,False,False,False,سورية,سورية,https://github.com/CAMeL-Lab/CamelProp/blob/main/CamelPROPWIKID3K.tsv,https://www.geonames.org/163345,https://www.wikidata.org/wiki/Q174916,cross_source_checked_no_independent_speaker_review
arabic_geonames,Q179604-GeoNames-country-DZ,Q179604,مغنية,مَغْنِيَة,الجزائر,الجزائر,ليبيا,المغرب,المغرب,False,False,False,False,المغرب,المغرب,https://github.com/CAMeL-Lab/CamelProp/blob/main/CamelPROPWIKID3K.tsv,https://www.geonames.org/2490584,https://www.wikidata.org/wiki/Q179604,cross_source_checked_no_independent_speaker_review
arabic_geonames,Q179949-GeoNames-country-FR,Q179949,نافارينكس,نَافَارِينْكْس,فرنسا,فرنسا,بلجيكا,الإجابة: إسبانيا,جورجيا,False,False,False,False,الإجابة: إسبانيا,جورجيا,https://github.com/CAMeL-Lab/CamelProp/blob/main/CamelPROPWIKID3K.tsv,https://www.geonames.org/2990870,https://www.wikidata.org/wiki/Q179949,cross_source_checked_no_independent_speaker_review
arabic_geonames,Q1819480-GeoNames-country-GR,Q1819480,ليونيديو,لِيُونِيدْيُو,اليونان,اليونان,بلغاريا,إيطاليا,نيجيريا,False,False,False,False,إيطاليا,نيجيريا,https://github.com/CAMeL-Lab/CamelProp/blob/main/CamelPROPWIKID3K.tsv,https://www.geonames.org/258500,https://www.wikidata.org/wiki/Q1819480,cross_source_checked_no_independent_speaker_review
arabic_geonames,Q1857915-GeoNames-country-GR,Q1857915,بيثاغوريو,بِيثَاغُورِيُو,اليونان,اليونان,بلغاريا,تركيا,اليونان,False,True,False,True,تركيا,اليونان,https://github.com/CAMeL-Lab/CamelProp/blob/main/CamelPROPWIKID3K.tsv,https://www.geonames.org/255163,https://www.wikidata.org/wiki/Q1857915,cross_source_checked_no_independent_speaker_review
arabic_geonames,Q188179-GeoNames-country-EE,Q188179,كوريساري,كُورِيسَارِي,إستونيا,إستونيا,لاتفيا,الإجابة: إستونيا,الإجابة: فنلندا,False,False,True,False,الإجابة: إستونيا,الإجابة: فنلندا,https://github.com/CAMeL-Lab/CamelProp/blob/main/CamelPROPWIKID3K.tsv,https://www.geonames.org/590939,https://www.wikidata.org/wiki/Q188179,cross_source_checked_no_independent_speaker_review
arabic_geonames,Q188511-GeoNames-country-FR,Q188511,غويريت,غُويِرْيِت,فرنسا,فرنسا,بلجيكا,المكسيك,المكسيك,False,False,False,False,المكسيك,المكسيك,https://github.com/CAMeL-Lab/CamelProp/blob/main/CamelPROPWIKID3K.tsv,https://www.geonames.org/3014383,https://www.wikidata.org/wiki/Q188511,cross_source_checked_no_independent_speaker_review
arabic_geonames,Q189546-GeoNames-country-TN,Q189546,بنزرت,بِنْزَرْت,تونس,تونس,ليبيا,تونس,تونس,True,True,True,True,تونس,تونس,https://github.com/CAMeL-Lab/CamelProp/blob/main/CamelPROPWIKID3K.tsv,https://www.geonames.org/2472706,https://www.wikidata.org/wiki/Q189546,cross_source_checked_no_independent_speaker_review
arabic_geonames,Q1911759-GeoNames-country-TR,Q1911759,أميرطاغ,أَمِيرْطَاغ,تركيا,تركيا,إيران,تركيا,روسيا,True,False,True,False,تركيا,روسيا,https://github.com/CAMeL-Lab/CamelProp/blob/main/CamelPROPWIKID3K.tsv,https://www.geonames.org/315621,https://www.wikidata.org/wiki/Q1911759,cross_source_checked_no_independent_speaker_review
arabic_geonames,Q192859-GeoNames-country-BE,Q192859,إيتربيك,إِيتَرْبِيك,بلجيكا,بلجيكا,فرنسا,بلجيكا,هولندا,True,False,True,False,بلجيكا,هولندا,https://github.com/CAMeL-Lab/CamelProp/blob/main/CamelPROPWIKID3K.tsv,https://www.geonames.org/2798578,https://www.wikidata.org/wiki/Q192859,cross_source_checked_no_independent_speaker_review
arabic_geonames,Q192926-GeoNames-country-BG,Q192926,كازنلاك,كَازَنْلَاك,بلغاريا,بلغاريا,اليونان,بلغاريا,أرمينيا,True,False,True,False,بلغاريا,أرمينيا,https://github.com/CAMeL-Lab/CamelProp/blob/main/CamelPROPWIKID3K.tsv,https://www.geonames.org/730496,https://www.wikidata.org/wiki/Q192926,cross_source_checked_no_independent_speaker_review
arabic_geonames,Q1946056-GeoNames-country-PL,Q1946056,زفيجنتس,زْفِيِجِنْتْس,بولندا,بولندا,التشيك,بولندا,النرويج,True,False,True,False,بولندا,النرويج,https://github.com/CAMeL-Lab/CamelProp/blob/main/CamelPROPWIKID3K.tsv,https://www.geonames.org/753020,https://www.wikidata.org/wiki/Q1946056,cross_source_checked_no_independent_speaker_review
arabic_geonames,Q1968465-GeoNames-country-LR,Q1968465,سانيكيلي,سَانِيكِيلِي,ليبيريا,ليبيريا,غينيا,تركيا,كندا,False,False,False,False,تركيا,كندا,https://github.com/CAMeL-Lab/CamelProp/blob/main/CamelPROPWIKID3K.tsv,https://www.geonames.org/2274129,https://www.wikidata.org/wiki/Q1968465,cross_source_checked_no_independent_speaker_review
arabic_geonames,Q197378-GeoNames-country-CN,Q197378,زهانغبينغ,زْهَانْغْبِينْغ,الصين,الصين,الهند,الصين,الصين,True,True,True,True,الصين,الصين,https://github.com/CAMeL-Lab/CamelProp/blob/main/CamelPROPWIKID3K.tsv,https://www.geonames.org/1805688,https://www.wikidata.org/wiki/Q197378,cross_source_checked_no_independent_speaker_review
arabic_geonames,Q202991-GeoNames-country-LY,Q202991,أجدابيا,أَجْدَابِيَا,ليبيا,ليبيا,تونس,ليبيا,مصر,True,False,True,False,ليبيا,مصر,https://github.com/CAMeL-Lab/CamelProp/blob/main/CamelPROPWIKID3K.tsv,https://www.geonames.org/89113,https://www.wikidata.org/wiki/Q202991,cross_source_checked_no_independent_speaker_review
arabic_geonames,Q2044578-GeoNames-country-LT,Q2044578,دوغاي,دُوغَاي,ليتوانيا,ليتوانيا,لاتفيا,تركيا,تركيا,False,False,False,False,تركيا,تركيا,https://github.com/CAMeL-Lab/CamelProp/blob/main/CamelPROPWIKID3K.tsv,https://www.geonames.org/600040,https://www.wikidata.org/wiki/Q2044578,cross_source_checked_no_independent_speaker_review
arabic_geonames,Q2088448-GeoNames-country-IN,Q2088448,تانيسر,تَانِيسَر,الهند,الهند,الصين,تركيا,مصر,False,False,False,False,تركيا,مصر,https://github.com/CAMeL-Lab/CamelProp/blob/main/CamelPROPWIKID3K.tsv,https://www.geonames.org/1254657,https://www.wikidata.org/wiki/Q2088448,cross_source_checked_no_independent_speaker_review
arabic_geonames,Q209086-GeoNames-country-FR,Q209086,بانتان,بَانْتَان,فرنسا,فرنسا,بلجيكا,إندونيسيا,إندونيسيا,False,False,False,False,إندونيسيا,إندونيسيا,https://github.com/CAMeL-Lab/CamelProp/blob/main/CamelPROPWIKID3K.tsv,https://www.geonames.org/2988621,https://www.wikidata.org/wiki/Q209086,cross_source_checked_no_independent_speaker_review
arabic_geonames,Q211187-GeoNames-country-FR,Q211187,شاتوبريانت,شَاتُوبْرِيَانْت,فرنسا,فرنسا,بلجيكا,فرنسا,المملكة المتحدة,True,False,True,False,فرنسا,المملكة المتحدة,https://github.com/CAMeL-Lab/CamelProp/blob/main/CamelPROPWIKID3K.tsv,https://www.geonames.org/3026303,https://www.wikidata.org/wiki/Q211187,cross_source_checked_no_independent_speaker_review
arabic_geonames,Q21167-GeoNames-country-SE,Q21167,إنشوبينغ,إِنْشُوبِينْغ,السويد,السويد,النرويج,السويد,الصين,True,False,True,False,السويد,الصين,https://github.com/CAMeL-Lab/CamelProp/blob/main/CamelPROPWIKID3K.tsv,https://www.geonames.org/2716166,https://www.wikidata.org/wiki/Q21167,cross_source_checked_no_independent_speaker_review
arabic_geonames,Q213916-GeoNames-country-GR,Q213916,فيرغينا,فِيرْغِينَا,اليونان,اليونان,بلغاريا,الولايات المتحدة الأمريكية.,الولايات المتحدة الأمريكية.,False,False,False,False,الولايات المتحدة الأمريكية,الولايات المتحدة الأمريكية,https://github.com/CAMeL-Lab/CamelProp/blob/main/CamelPROPWIKID3K.tsv,https://www.geonames.org/733901,https://www.wikidata.org/wiki/Q213916,cross_source_checked_no_independent_speaker_review
arabic_geonames,Q21424-GeoNames-country-FR,Q21424,أوسثوس,أُوسْثُوس,فرنسا,فرنسا,بلجيكا,اليونان,المملكة المتحدة,False,False,False,False,اليونان,المملكة المتحدة,https://github.com/CAMeL-Lab/CamelProp/blob/main/CamelPROPWIKID3K.tsv,https://www.geonames.org/2989098,https://www.wikidata.org/wiki/Q21424,cross_source_checked_no_independent_speaker_review
arabic_geonames,Q21530-GeoNames-country-FR,Q21530,مارلينهيم,مَارْلِينْهَيِم,فرنسا,فرنسا,بلجيكا,فرنسا,فرنسا,True,True,True,True,فرنسا,فرنسا,https://github.com/CAMeL-Lab/CamelProp/blob/main/CamelPROPWIKID3K.tsv,https://www.geonames.org/2995673,https://www.wikidata.org/wiki/Q21530,cross_source_checked_no_independent_speaker_review
arabic_geonames,Q21536-GeoNames-country-FR,Q21536,لوتزيلهواس,لُوتْزِيلْهُوَاس,فرنسا,فرنسا,بلجيكا,المكسيك,كوريا الجنوبية,False,False,False,False,المكسيك,كوريا الجنوبية,https://github.com/CAMeL-Lab/CamelProp/blob/main/CamelPROPWIKID3K.tsv,https://www.geonames.org/2997007,https://www.wikidata.org/wiki/Q21536,cross_source_checked_no_independent_speaker_review
arabic_geonames,Q219045-GeoNames-country-FR,Q219045,لوجيمو,لُوجِيمُو,فرنسا,فرنسا,بلجيكا,إيطاليا,اليابان.,False,False,False,False,إيطاليا,اليابان,https://github.com/CAMeL-Lab/CamelProp/blob/main/CamelPROPWIKID3K.tsv,https://www.geonames.org/2997712,https://www.wikidata.org/wiki/Q219045,cross_source_checked_no_independent_speaker_review
arabic_geonames,Q2204078-GeoNames-country-AE,Q2204078,كلباء,كَلْبَاء,الإمارات العربية المتحدة,الإمارات العربية المتحدة,كوريا الجنوبية,الإمارات,الإجابة: تقع كَلْبَاء في دولة الإمارات العربية المتحدة.,False,False,False,False,الإمارات,الإجابة: تقع كلباء في دولة الإمارات العربية المتحدة,https://github.com/CAMeL-Lab/CamelProp/blob/main/CamelPROPWIKID3K.tsv,https://www.geonames.org/291763,https://www.wikidata.org/wiki/Q2204078,cross_source_checked_no_independent_speaker_review
arabic_geonames,Q2275300-GeoNames-country-GR,Q2275300,زيفيري,زِيفِيرِي,اليونان,اليونان,بلغاريا,المغرب,المغرب,False,False,False,False,المغرب,المغرب,https://github.com/CAMeL-Lab/CamelProp/blob/main/CamelPROPWIKID3K.tsv,https://www.geonames.org/9035858,https://www.wikidata.org/wiki/Q2275300,cross_source_checked_no_independent_speaker_review
arabic_geonames,Q22801-GeoNames-country-FR,Q22801,ألتورف,أَلْتُورْف,فرنسا,فرنسا,بلجيكا,النمسا,ألمانيا,False,False,False,False,النمسا,ألمانيا,https://github.com/CAMeL-Lab/CamelProp/blob/main/CamelPROPWIKID3K.tsv,https://www.geonames.org/3038008,https://www.wikidata.org/wiki/Q22801,cross_source_checked_no_independent_speaker_review
arabic_geonames,Q2296366-GeoNames-country-ZA,Q2296366,راندبورغ,رَانْدْبُورْغ,جنوب أفريقيا,جنوب أفريقيا,زيمبابوي,جنوب أفريقيا,إسرائيل,True,False,True,False,جنوب أفريقيا,إسرائيل,https://github.com/CAMeL-Lab/CamelProp/blob/main/CamelPROPWIKID3K.tsv,https://www.geonames.org/963241,https://www.wikidata.org/wiki/Q2296366,cross_source_checked_no_independent_speaker_review
arabic_geonames,Q2341909-GeoNames-country-IN,Q2341909,سوبول,سُوبُول,الهند,الهند,الصين,روسيا,المكسيك,False,False,False,False,روسيا,المكسيك,https://github.com/CAMeL-Lab/CamelProp/blob/main/CamelPROPWIKID3K.tsv,https://www.geonames.org/1255396,https://www.wikidata.org/wiki/Q2341909,cross_source_checked_no_independent_speaker_review
arabic_geonames,Q2351813-GeoNames-country-IR,Q2351813,زازران,زَازِرَان,إيران,إيران,تركيا,تقع زازران في دولة أذربيجان.,إيران,False,True,False,True,تقع زازران في دولة أذربيجان,إيران,https://github.com/CAMeL-Lab/CamelProp/blob/main/CamelPROPWIKID3K.tsv,https://www.geonames.org/418416,https://www.wikidata.org/wiki/Q2351813,cross_source_checked_no_independent_speaker_review
arabic_geonames,Q2407786-GeoNames-country-IR,Q2407786,شندأباد,شِنْدَأَبَاد,إيران,إيران,تركيا,الهند,الهند,False,False,False,False,الهند,الهند,https://github.com/CAMeL-Lab/CamelProp/blob/main/CamelPROPWIKID3K.tsv,https://www.geonames.org/115247,https://www.wikidata.org/wiki/Q2407786,cross_source_checked_no_independent_speaker_review
arabic_geonames,Q241125-GeoNames-country-SK,Q241125,سوبرانتسى,سُوبْرَانْتْسَى,سلوفاكيا,سلوفاكيا,هنغاريا,الإجابة: إيطاليا,الإجابة: إيطاليا,False,False,False,False,الإجابة: إيطاليا,الإجابة: إيطاليا,https://github.com/CAMeL-Lab/CamelProp/blob/main/CamelPROPWIKID3K.tsv,https://www.geonames.org/723554,https://www.wikidata.org/wiki/Q241125,cross_source_checked_no_independent_speaker_review
arabic_geonames,Q2428588-GeoNames-country-IR,Q2428588,دانسفهان,دَانِسْفَهَان,إيران,إيران,تركيا,الصين,روسيا,False,False,False,False,الصين,روسيا,https://github.com/CAMeL-Lab/CamelProp/blob/main/CamelPROPWIKID3K.tsv,https://www.geonames.org/137985,https://www.wikidata.org/wiki/Q2428588,cross_source_checked_no_independent_speaker_review
arabic_geonames,Q2429147-GeoNames-country-IR,Q2429147,سرايان,سَرَايَان,إيران,إيران,تركيا,سريلانكا,المغرب,False,False,False,False,سريلانكا,المغرب,https://github.com/CAMeL-Lab/CamelProp/blob/main/CamelPROPWIKID3K.tsv,https://www.geonames.org/117232,https://www.wikidata.org/wiki/Q2429147,cross_source_checked_no_independent_speaker_review
arabic_geonames,Q2438632-GeoNames-country-IR,Q2438632,بومهن,بُومَهَن,إيران,إيران,تركيا,النمسا,الهند,False,False,False,False,النمسا,الهند,https://github.com/CAMeL-Lab/CamelProp/blob/main/CamelPROPWIKID3K.tsv,https://www.geonames.org/139879,https://www.wikidata.org/wiki/Q2438632,cross_source_checked_no_independent_speaker_review
arabic_geonames,Q245307-GeoNames-country-FR,Q245307,بريوريس,بْرِيُورِيس,فرنسا,فرنسا,بلجيكا,كوبا,روسيا,False,False,False,False,كوبا,روسيا,https://github.com/CAMeL-Lab/CamelProp/blob/main/CamelPROPWIKID3K.tsv,https://www.geonames.org/2985360,https://www.wikidata.org/wiki/Q245307,cross_source_checked_no_independent_speaker_review
arabic_geonames,Q2470205-GeoNames-country-TJ,Q2470205,أدراسمون,أَدْرَاسْمُون,طاجيكستان,طاجيكستان,أوزبكستان,إثيوبيا,المغرب,False,False,False,False,إثيوبيا,المغرب,https://github.com/CAMeL-Lab/CamelProp/blob/main/CamelPROPWIKID3K.tsv,https://www.geonames.org/1514929,https://www.wikidata.org/wiki/Q2470205,cross_source_checked_no_independent_speaker_review
arabic_geonames,Q2471-GeoNames-country-YE,Q2471,صنعاء,صَنْعَاء,اليمن,اليمن,الصين,اليمن,اليمن,True,True,True,True,اليمن,اليمن,https://github.com/CAMeL-Lab/CamelProp/blob/main/CamelPROPWIKID3K.tsv,https://www.geonames.org/71137,https://www.wikidata.org/wiki/Q2471,cross_source_checked_no_independent_speaker_review
arabic_geonames,Q2488907-GeoNames-country-UG,Q2488907,يومبى,يُومْبَى,أوغندا,أوغندا,كينيا,الكاميرون,المكسيك,False,False,False,False,الكاميرون,المكسيك,https://github.com/CAMeL-Lab/CamelProp/blob/main/CamelPROPWIKID3K.tsv,https://www.geonames.org/225835,https://www.wikidata.org/wiki/Q2488907,cross_source_checked_no_independent_speaker_review
arabic_geonames,Q2542644-GeoNames-country-IN,Q2542644,نانوته,نَانُوتَه,الهند,الهند,الصين,الإجابة: إيطاليا,المكسيك,False,False,False,False,الإجابة: إيطاليا,المكسيك,https://github.com/CAMeL-Lab/CamelProp/blob/main/CamelPROPWIKID3K.tsv,https://www.geonames.org/1261998,https://www.wikidata.org/wiki/Q2542644,cross_source_checked_no_independent_speaker_review
arabic_geonames,Q258481-GeoNames-country-SK,Q258481,بوخوف,بُوخُوف,سلوفاكيا,سلوفاكيا,هنغاريا,بولندا,المملكة المتحدة,False,False,False,False,بولندا,المملكة المتحدة,https://github.com/CAMeL-Lab/CamelProp/blob/main/CamelPROPWIKID3K.tsv,https://www.geonames.org/3057963,https://www.wikidata.org/wiki/Q258481,cross_source_checked_no_independent_speaker_review
arabic_geonames,Q259216-GeoNames-country-FR,Q259216,سانوا,سَانْوَا,فرنسا,فرنسا,بلجيكا,المكسيك,المكسيك,False,False,False,False,المكسيك,المكسيك,https://github.com/CAMeL-Lab/CamelProp/blob/main/CamelPROPWIKID3K.tsv,https://www.geonames.org/2976179,https://www.wikidata.org/wiki/Q259216,cross_source_checked_no_independent_speaker_review
arabic_geonames,Q2625453-GeoNames-country-IR,Q2625453,إشتهارد,إِشْتِهَارْد,إيران,إيران,تركيا,مصر,النرويج,False,False,False,False,مصر,النرويج,https://github.com/CAMeL-Lab/CamelProp/blob/main/CamelPROPWIKID3K.tsv,https://www.geonames.org/135205,https://www.wikidata.org/wiki/Q2625453,cross_source_checked_no_independent_speaker_review
arabic_geonames,Q2658219-GeoNames-country-SE,Q2658219,كفانوم,كْفَانُوم,السويد,السويد,النرويج,المكسيك,المغرب,False,False,False,False,المكسيك,المغرب,https://github.com/CAMeL-Lab/CamelProp/blob/main/CamelPROPWIKID3K.tsv,https://www.geonames.org/2698520,https://www.wikidata.org/wiki/Q2658219,cross_source_checked_no_independent_speaker_review
arabic_geonames,Q2658228-GeoNames-country-IL,Q2658228,زرزير,زَرْزِير,إسرائيل,إسرائيل,لبنان,المغرب,المغرب,False,False,False,False,المغرب,المغرب,https://github.com/CAMeL-Lab/CamelProp/blob/main/CamelPROPWIKID3K.tsv,https://www.geonames.org/8264669,https://www.wikidata.org/wiki/Q2658228,cross_source_checked_no_independent_speaker_review
arabic_geonames,Q26757559-GeoNames-country-ID,Q26757559,رنغات,رِنْغَات,إندونيسيا,إندونيسيا,ماليزيا,إندونيسيا,المملكة المتحدة,True,False,True,False,إندونيسيا,المملكة المتحدة,https://github.com/CAMeL-Lab/CamelProp/blob/main/CamelPROPWIKID3K.tsv,https://www.geonames.org/1629708,https://www.wikidata.org/wiki/Q26757559,cross_source_checked_no_independent_speaker_review
arabic_geonames,Q270821-GeoNames-country-IQ,Q270821,بعقوبة,بَعْقُوبَة,العراق,العراق,إيران,الولايات المتحدة الأمريكية.,ليبيا,False,False,False,False,الولايات المتحدة الأمريكية,ليبيا,https://github.com/CAMeL-Lab/CamelProp/blob/main/CamelPROPWIKID3K.tsv,https://www.geonames.org/97990,https://www.wikidata.org/wiki/Q270821,cross_source_checked_no_independent_speaker_review
arabic_geonames,Q2731405-GeoNames-country-MK,Q2731405,زليتوفو,زْلِيتُوفُو,مقدونيا الشمالية,مقدونيا الشمالية,بلغاريا,روسيا,بولندا,False,False,False,False,روسيا,بولندا,https://github.com/CAMeL-Lab/CamelProp/blob/main/CamelPROPWIKID3K.tsv,https://www.geonames.org/783845,https://www.wikidata.org/wiki/Q2731405,cross_source_checked_no_independent_speaker_review
arabic_geonames,Q2778894-GeoNames-country-IR,Q2778894,كلوانق,كُلْوَانَق,إيران,إيران,تركيا,الصين,تركيا,False,False,False,False,الصين,تركيا,https://github.com/CAMeL-Lab/CamelProp/blob/main/CamelPROPWIKID3K.tsv,https://www.geonames.org/126734,https://www.wikidata.org/wiki/Q2778894,cross_source_checked_no_independent_speaker_review
arabic_geonames,Q2790350-GeoNames-country-SE,Q2790350,شيوتورب,شْيُوتُورْب,السويد,السويد,النرويج,النرويج,المجر,False,False,False,False,النرويج,المجر,https://github.com/CAMeL-Lab/CamelProp/blob/main/CamelPROPWIKID3K.tsv,https://www.geonames.org/2678687,https://www.wikidata.org/wiki/Q2790350,cross_source_checked_no_independent_speaker_review
arabic_geonames,Q2889703-GeoNames-country-IL,Q2889703,مسلول,مَسْلُول,إسرائيل,إسرائيل,لبنان,جنوب أفريقيا,المغرب,False,False,False,False,جنوب أفريقيا,المغرب,https://github.com/CAMeL-Lab/CamelProp/blob/main/CamelPROPWIKID3K.tsv,https://www.geonames.org/294318,https://www.wikidata.org/wiki/Q2889703,cross_source_checked_no_independent_speaker_review
arabic_geonames,Q2900650-GeoNames-country-LB,Q2900650,بحمدون,بْحَمْدُون,لبنان,لبنان,سوريا,سوريا,الإجابة: الأردن,False,False,False,False,سوريا,الإجابة: الأردن,https://github.com/CAMeL-Lab/CamelProp/blob/main/CamelPROPWIKID3K.tsv,https://www.geonames.org/276632,https://www.wikidata.org/wiki/Q2900650,cross_source_checked_no_independent_speaker_review
arabic_geonames,Q3050819-GeoNames-country-PK,Q3050819,شهدادكوت,شَهْدَادْكُوت,باكستان,باكستان,الصين,الهند,الهند,False,False,False,False,الهند,الهند,https://github.com/CAMeL-Lab/CamelProp/blob/main/CamelPROPWIKID3K.tsv,https://www.geonames.org/1165638,https://www.wikidata.org/wiki/Q3050819,cross_source_checked_no_independent_speaker_review
arabic_geonames,Q3079830-GeoNames-country-TN,Q3079830,فوشانة,فُوشَانَة,تونس,تونس,ليبيا,تونس,الجزائر,True,False,True,False,تونس,الجزائر,https://github.com/CAMeL-Lab/CamelProp/blob/main/CamelPROPWIKID3K.tsv,https://www.geonames.org/2471055,https://www.wikidata.org/wiki/Q3079830,cross_source_checked_no_independent_speaker_review
arabic_geonames,Q3132444-GeoNames-country-SS,Q3132444,ماريدي,مَارِيدِي,جنوب السودان,جنوب السودان,أوغندا,الجواب: مالي,المغرب,False,False,False,False,الجواب: مالي,المغرب,https://github.com/CAMeL-Lab/CamelProp/blob/main/CamelPROPWIKID3K.tsv,https://www.geonames.org/370457,https://www.wikidata.org/wiki/Q3132444,cross_source_checked_no_independent_speaker_review
arabic_geonames,Q31356-GeoNames-country-PK,Q31356,مينجورا,مِينْجُورَا,باكستان,باكستان,الصين,أستراليا,الصين,False,False,False,False,أستراليا,الصين,https://github.com/CAMeL-Lab/CamelProp/blob/main/CamelPROPWIKID3K.tsv,https://www.geonames.org/1170395,https://www.wikidata.org/wiki/Q31356,cross_source_checked_no_independent_speaker_review
arabic_geonames,Q3138871-GeoNames-country-KM,Q3138871,هواني,هُوَانِي,جزر القمر,جزر القمر,ساحل العاج,الصين,فيتنام.,False,False,False,False,الصين,فيتنام,https://github.com/CAMeL-Lab/CamelProp/blob/main/CamelPROPWIKID3K.tsv,https://www.geonames.org/921870,https://www.wikidata.org/wiki/Q3138871,cross_source_checked_no_independent_speaker_review
arabic_geonames,Q3248111-GeoNames-country-PK,Q3248111,شهدادبور,شَهْدَادْبُور,باكستان,باكستان,الصين,باكستان,الإجابة: الهند,True,False,True,False,باكستان,الإجابة: الهند,https://github.com/CAMeL-Lab/CamelProp/blob/main/CamelPROPWIKID3K.tsv,https://www.geonames.org/1165635,https://www.wikidata.org/wiki/Q3248111,cross_source_checked_no_independent_speaker_review
arabic_geonames,Q326879-GeoNames-country-FR,Q326879,فالوغنس,فَالُوغْنِس,فرنسا,فرنسا,بلجيكا,فرنسا,إيطاليا,True,False,True,False,فرنسا,إيطاليا,https://github.com/CAMeL-Lab/CamelProp/blob/main/CamelPROPWIKID3K.tsv,https://www.geonames.org/2970860,https://www.wikidata.org/wiki/Q326879,cross_source_checked_no_independent_speaker_review
arabic_geonames,Q33377-GeoNames-country-IN,Q33377,جالاندهار,جَالَانْدْهَار,الهند,الهند,الصين,الهند,الهند.,True,True,True,True,الهند,الهند,https://github.com/CAMeL-Lab/CamelProp/blob/main/CamelPROPWIKID3K.tsv,https://www.geonames.org/1268782,https://www.wikidata.org/wiki/Q33377,cross_source_checked_no_independent_speaker_review
arabic_geonames,Q3347001-GeoNames-country-CA,Q3347001,نيغاك,نِيغَاك,كندا,كندا,الولايات المتحدة,اليابان,المكسيك,False,False,False,False,اليابان,المكسيك,https://github.com/CAMeL-Lab/CamelProp/blob/main/CamelPROPWIKID3K.tsv,https://www.geonames.org/6943718,https://www.wikidata.org/wiki/Q3347001,cross_source_checked_no_independent_speaker_review
arabic_geonames,Q34001-GeoNames-country-FR,Q34001,روبيه,رُوبِيه,فرنسا,فرنسا,بلجيكا,فرنسا,فرنسا,True,True,True,True,فرنسا,فرنسا,https://github.com/CAMeL-Lab/CamelProp/blob/main/CamelPROPWIKID3K.tsv,https://www.geonames.org/2982681,https://www.wikidata.org/wiki/Q34001,cross_source_checked_no_independent_speaker_review
arabic_geonames,Q349982-GeoNames-country-CN,Q349982,هيغانغ,هِيغَانْغ,الصين,الصين,الهند,الصين,الصين.,True,True,True,True,الصين,الصين,https://github.com/CAMeL-Lab/CamelProp/blob/main/CamelPROPWIKID3K.tsv,https://www.geonames.org/2036986,https://www.wikidata.org/wiki/Q349982,cross_source_checked_no_independent_speaker_review
arabic_geonames,Q3556113-GeoNames-country-GR,Q3556113,زاركو,زَارْكُو,اليونان,اليونان,بلغاريا,الإجابة: الأردن,الإجابة: عُمان,False,False,False,False,الإجابة: الأردن,الإجابة: عمان,https://github.com/CAMeL-Lab/CamelProp/blob/main/CamelPROPWIKID3K.tsv,https://www.geonames.org/251253,https://www.wikidata.org/wiki/Q3556113,cross_source_checked_no_independent_speaker_review
arabic_geonames,Q3560020-GeoNames-country-GR,Q3560020,بيفكوخوري,بِيفْكُوخُورِي,اليونان,اليونان,بلغاريا,جورجيا,تركيا,False,False,False,False,جورجيا,تركيا,https://github.com/CAMeL-Lab/CamelProp/blob/main/CamelPROPWIKID3K.tsv,https://www.geonames.org/261080,https://www.wikidata.org/wiki/Q3560020,cross_source_checked_no_independent_speaker_review
arabic_geonames,Q360769-GeoNames-country-CN,Q360769,بوتشو,بُوتْشُو,الصين,الصين,الهند,تركيا,اليابان.,False,False,False,False,تركيا,اليابان,https://github.com/CAMeL-Lab/CamelProp/blob/main/CamelPROPWIKID3K.tsv,https://www.geonames.org/1816234,https://www.wikidata.org/wiki/Q360769,cross_source_checked_no_independent_speaker_review
arabic_geonames,Q3619248-GeoNames-country-IN,Q3619248,فيزينجارم,فِيزِيَنَجَارَم,الهند,الهند,الصين,كندا,النمسا,False,False,False,False,كندا,النمسا,https://github.com/CAMeL-Lab/CamelProp/blob/main/CamelPROPWIKID3K.tsv,https://www.geonames.org/1253084,https://www.wikidata.org/wiki/Q3619248,cross_source_checked_no_independent_speaker_review
arabic_geonames,Q3657-GeoNames-country-LT,Q3657,ريتافاس,رِيتَافَاس,ليتوانيا,ليتوانيا,لاتفيا,الإجابة: إسبانيا,إسبانيا,False,False,False,False,الإجابة: إسبانيا,إسبانيا,https://github.com/CAMeL-Lab/CamelProp/blob/main/CamelPROPWIKID3K.tsv,https://www.geonames.org/595284,https://www.wikidata.org/wiki/Q3657,cross_source_checked_no_independent_speaker_review
arabic_geonames,Q3667407-GeoNames-country-IR,Q3667407,لورزيني,لُورْزِينِي,إيران,إيران,تركيا,إيطاليا,إيطاليا,False,False,False,False,إيطاليا,إيطاليا,https://github.com/CAMeL-Lab/CamelProp/blob/main/CamelPROPWIKID3K.tsv,https://www.geonames.org/20838,https://www.wikidata.org/wiki/Q3667407,cross_source_checked_no_independent_speaker_review
arabic_geonames,Q371354-GeoNames-country-AR,Q371354,كاستيلار,كَاسْتِيلَار,الأرجنتين,الأرجنتين,بوليفيا,إسبانيا,إسبانيا,False,False,False,False,إسبانيا,إسبانيا,https://github.com/CAMeL-Lab/CamelProp/blob/main/CamelPROPWIKID3K.tsv,https://www.geonames.org/3435607,https://www.wikidata.org/wiki/Q371354,cross_source_checked_no_independent_speaker_review
arabic_geonames,Q372111-GeoNames-country-FR,Q372111,رومينفيل,رُومَيْنْفِيل,فرنسا,فرنسا,بلجيكا,فرنسا,فرنسا,True,True,True,True,فرنسا,فرنسا,https://github.com/CAMeL-Lab/CamelProp/blob/main/CamelPROPWIKID3K.tsv,https://www.geonames.org/2983026,https://www.wikidata.org/wiki/Q372111,cross_source_checked_no_independent_speaker_review
arabic_geonames,Q373808-GeoNames-country-TJ,Q373808,خجندة,خُجَنْدَة,طاجيكستان,طاجيكستان,أوزبكستان,طاجيكستان,السعودية,True,False,True,False,طاجيكستان,السعودية,https://github.com/CAMeL-Lab/CamelProp/blob/main/CamelPROPWIKID3K.tsv,https://www.geonames.org/1514879,https://www.wikidata.org/wiki/Q373808,cross_source_checked_no_independent_speaker_review
arabic_geonames,Q3763-GeoNames-country-CL,Q3763,شانارال,شَانَارَال,تشيلي,تشيلي,بوليفيا,كولومبيا,كولومبيا,False,False,False,False,كولومبيا,كولومبيا,https://github.com/CAMeL-Lab/CamelProp/blob/main/CamelPROPWIKID3K.tsv,https://www.geonames.org/3895554,https://www.wikidata.org/wiki/Q3763,cross_source_checked_no_independent_speaker_review
arabic_geonames,Q389942-GeoNames-country-SK,Q389942,نيموشوفا,نِيمُوشُوفَا,سلوفاكيا,سلوفاكيا,هنغاريا,كرواتيا,بولندا,False,False,False,False,كرواتيا,بولندا,https://github.com/CAMeL-Lab/CamelProp/blob/main/CamelPROPWIKID3K.tsv,https://www.geonames.org/3058546,https://www.wikidata.org/wiki/Q389942,cross_source_checked_no_independent_speaker_review
arabic_geonames,Q399083-GeoNames-country-ZW,Q399083,كويكوى,كْوِيكْوَى,زيمبابوي,زيمبابوي,زامبيا,البرتغال,المكسيك,False,False,False,False,البرتغال,المكسيك,https://github.com/CAMeL-Lab/CamelProp/blob/main/CamelPROPWIKID3K.tsv,https://www.geonames.org/888710,https://www.wikidata.org/wiki/Q399083,cross_source_checked_no_independent_speaker_review
arabic_geonames,Q40194-GeoNames-country-MX,Q40194,مازاتلان,مَازَاتْلَان,المكسيك,المكسيك,الولايات المتحدة,المكسيك,المكسيك,True,True,True,True,المكسيك,المكسيك,https://github.com/CAMeL-Lab/CamelProp/blob/main/CamelPROPWIKID3K.tsv,https://www.geonames.org/3996322,https://www.wikidata.org/wiki/Q40194,cross_source_checked_no_independent_speaker_review
arabic_geonames,Q404873-GeoNames-country-CN,Q404873,شينيانج,شِينِيَانْج,الصين,الصين,الهند,الصين,الصين,True,True,True,True,الصين,الصين,https://github.com/CAMeL-Lab/CamelProp/blob/main/CamelPROPWIKID3K.tsv,https://www.geonames.org/1788534,https://www.wikidata.org/wiki/Q404873,cross_source_checked_no_independent_speaker_review
arabic_geonames,Q40626-GeoNames-country-PH,Q40626,تاكلوبان,تَاكْلُوبَان,الفلبين,الفلبين,إسرائيل,الفلبين,الفلبين,True,True,True,True,الفلبين,الفلبين,https://github.com/CAMeL-Lab/CamelProp/blob/main/CamelPROPWIKID3K.tsv,https://www.geonames.org/1684712,https://www.wikidata.org/wiki/Q40626,cross_source_checked_no_independent_speaker_review
arabic_geonames,Q4072894-GeoNames-country-IE,Q4072894,أغادا,أَغَادَا,أيرلندا,أيرلندا,بلغاريا,المغرب,المغرب,False,False,False,False,المغرب,المغرب,https://github.com/CAMeL-Lab/CamelProp/blob/main/CamelPROPWIKID3K.tsv,https://www.geonames.org/2967061,https://www.wikidata.org/wiki/Q4072894,cross_source_checked_no_independent_speaker_review
arabic_geonames,Q42087-GeoNames-country-KR,Q42087,نامون,نَامُون,كوريا الجنوبية,كوريا الجنوبية,قيرغيزستان,الصين,المكسيك,False,False,False,False,الصين,المكسيك,https://github.com/CAMeL-Lab/CamelProp/blob/main/CamelPROPWIKID3K.tsv,https://www.geonames.org/1840379,https://www.wikidata.org/wiki/Q42087,cross_source_checked_no_independent_speaker_review
arabic_geonames,Q42089-GeoNames-country-KR,Q42089,دانغجين,دَانْغْجِين,كوريا الجنوبية,كوريا الجنوبية,قيرغيزستان,كوريا الجنوبية,الصين,True,False,True,False,كوريا الجنوبية,الصين,https://github.com/CAMeL-Lab/CamelProp/blob/main/CamelPROPWIKID3K.tsv,https://www.geonames.org/1834885,https://www.wikidata.org/wiki/Q42089,cross_source_checked_no_independent_speaker_review
arabic_geonames,Q42117-GeoNames-country-KR,Q42117,أنسان,أَنْسَان,كوريا الجنوبية,كوريا الجنوبية,قيرغيزستان,كوريا الجنوبية,كوريا الجنوبية.,True,True,True,True,كوريا الجنوبية,كوريا الجنوبية,https://github.com/CAMeL-Lab/CamelProp/blob/main/CamelPROPWIKID3K.tsv,https://www.geonames.org/1846918,https://www.wikidata.org/wiki/Q42117,cross_source_checked_no_independent_speaker_review
arabic_geonames,Q42148-GeoNames-country-KR,Q42148,شونشيون,شُونْشِيُون,كوريا الجنوبية,كوريا الجنوبية,قيرغيزستان,كوريا الشمالية,كوريا الشمالية,False,False,False,False,كوريا الشمالية,كوريا الشمالية,https://github.com/CAMeL-Lab/CamelProp/blob/main/CamelPROPWIKID3K.tsv,https://www.geonames.org/1845136,https://www.wikidata.org/wiki/Q42148,cross_source_checked_no_independent_speaker_review
arabic_geonames,Q429215-GeoNames-country-IN,Q429215,سنغالي,سَنْغَالِي,الهند,الهند,الصين,السنغال,المغرب,False,False,False,False,السنغال,المغرب,https://github.com/CAMeL-Lab/CamelProp/blob/main/CamelPROPWIKID3K.tsv,https://www.geonames.org/1257416,https://www.wikidata.org/wiki/Q429215,cross_source_checked_no_independent_speaker_review
arabic_geonames,Q43387-GeoNames-country-TR,Q43387,أدرنة,أَدِرْنَة,تركيا,تركيا,إيران,تركيا,تركيا,True,True,True,True,تركيا,تركيا,https://github.com/CAMeL-Lab/CamelProp/blob/main/CamelPROPWIKID3K.tsv,https://www.geonames.org/747712,https://www.wikidata.org/wiki/Q43387,cross_source_checked_no_independent_speaker_review
arabic_geonames,Q4371604-GeoNames-country-IR,Q4371604,بخشايش,بَخْشَايِش,إيران,إيران,تركيا,الصين,المغرب,False,False,False,False,الصين,المغرب,https://github.com/CAMeL-Lab/CamelProp/blob/main/CamelPROPWIKID3K.tsv,https://www.geonames.org/141857,https://www.wikidata.org/wiki/Q4371604,cross_source_checked_no_independent_speaker_review
arabic_geonames,Q4709-GeoNames-country-VE,Q4709,باركيسيميتو,بَارْكِيسِيمِيتُو,فنزويلا,فنزويلا,بوليفيا,جمهورية الدومينيكان,المكسيك,False,False,False,False,جمهورية الدومينيكان,المكسيك,https://github.com/CAMeL-Lab/CamelProp/blob/main/CamelPROPWIKID3K.tsv,https://www.geonames.org/3648522,https://www.wikidata.org/wiki/Q4709,cross_source_checked_no_independent_speaker_review
arabic_geonames,Q471100-GeoNames-country-FR,Q471100,ليبيركورت,لِيبِيرْكُورْت,فرنسا,فرنسا,بلجيكا,فرنسا,النرويج,True,False,True,False,فرنسا,النرويج,https://github.com/CAMeL-Lab/CamelProp/blob/main/CamelPROPWIKID3K.tsv,https://www.geonames.org/2998520,https://www.wikidata.org/wiki/Q471100,cross_source_checked_no_independent_speaker_review
arabic_geonames,Q489679-GeoNames-country-AR,Q489679,أندالجالا,أَنْدَالْجَالَا,الأرجنتين,الأرجنتين,بوليفيا,أندالجالا هي مدينة تقع في جنوب أفريقيا.,إسبانيا.,False,False,False,False,أندالجالا هي مدينة تقع في جنوب أفريقيا,إسبانيا,https://github.com/CAMeL-Lab/CamelProp/blob/main/CamelPROPWIKID3K.tsv,https://www.geonames.org/3865802,https://www.wikidata.org/wiki/Q489679,cross_source_checked_no_independent_speaker_review
arabic_geonames,Q502023-GeoNames-country-MX,Q502023,كواتزاكوالكوس,كُوَاتْزَاكُوَالْكُوس,المكسيك,المكسيك,الولايات المتحدة,المكسيك,المكسيك,True,True,True,True,المكسيك,المكسيك,https://github.com/CAMeL-Lab/CamelProp/blob/main/CamelPROPWIKID3K.tsv,https://www.geonames.org/3530517,https://www.wikidata.org/wiki/Q502023,cross_source_checked_no_independent_speaker_review
arabic_geonames,Q515229-GeoNames-country-PW,Q515229,نغيرولمود,نْغِيرُولْمُود,بالاو,بالاو,فيجي,المكسيك,المغرب,False,False,False,False,المكسيك,المغرب,https://github.com/CAMeL-Lab/CamelProp/blob/main/CamelPROPWIKID3K.tsv,https://www.geonames.org/8063361,https://www.wikidata.org/wiki/Q515229,cross_source_checked_no_independent_speaker_review
arabic_geonames,Q5254191-GeoNames-country-MY,Q5254191,سكوداي,سُكُودَاي,ماليزيا,ماليزيا,إندونيسيا,إيطاليا,الإجابة: اليابان,False,False,False,False,إيطاليا,الإجابة: اليابان,https://github.com/CAMeL-Lab/CamelProp/blob/main/CamelPROPWIKID3K.tsv,https://www.geonames.org/1732745,https://www.wikidata.org/wiki/Q5254191,cross_source_checked_no_independent_speaker_review
arabic_geonames,Q534444-GeoNames-country-IN,Q534444,آتنغل,آتِنْغَل,الهند,الهند,الصين,النمسا,تركيا,False,False,False,False,النمسا,تركيا,https://github.com/CAMeL-Lab/CamelProp/blob/main/CamelPROPWIKID3K.tsv,https://www.geonames.org/1278176,https://www.wikidata.org/wiki/Q534444,cross_source_checked_no_independent_speaker_review
arabic_geonames,Q535534-GeoNames-country-CN,Q535534,هوهوت,هُوهُوت,الصين,الصين,الهند,الصين,الصين.,True,True,True,True,الصين,الصين,https://github.com/CAMeL-Lab/CamelProp/blob/main/CamelPROPWIKID3K.tsv,https://www.geonames.org/2036892,https://www.wikidata.org/wiki/Q535534,cross_source_checked_no_independent_speaker_review
arabic_geonames,Q5680552-GeoNames-country-IR,Q5680552,نظرلو,نَظَرْلُو,إيران,إيران,تركيا,المغرب,المغرب,False,False,False,False,المغرب,المغرب,https://github.com/CAMeL-Lab/CamelProp/blob/main/CamelPROPWIKID3K.tsv,https://www.geonames.org/122428,https://www.wikidata.org/wiki/Q5680552,cross_source_checked_no_independent_speaker_review
arabic_geonames,Q5783867-GeoNames-country-IR,Q5783867,راونج,رَاوَنْج,إيران,إيران,تركيا,لاوس,نيوزيلندا,False,False,False,False,لاوس,نيوزيلندا,https://github.com/CAMeL-Lab/CamelProp/blob/main/CamelPROPWIKID3K.tsv,https://www.geonames.org/118707,https://www.wikidata.org/wiki/Q5783867,cross_source_checked_no_independent_speaker_review
arabic_geonames,Q583619-GeoNames-country-NG,Q583619,أويري,أُوِيرِي,نيجيريا,نيجيريا,بوروندي,كينيا,المملكة المتحدة,False,False,False,False,كينيا,المملكة المتحدة,https://github.com/CAMeL-Lab/CamelProp/blob/main/CamelPROPWIKID3K.tsv,https://www.geonames.org/2325330,https://www.wikidata.org/wiki/Q583619,cross_source_checked_no_independent_speaker_review
arabic_geonames,Q5845677-GeoNames-country-IR,Q5845677,كرغلين,كَرْغَلِين,إيران,إيران,تركيا,السويد,المملكة المتحدة,False,False,False,False,السويد,المملكة المتحدة,https://github.com/CAMeL-Lab/CamelProp/blob/main/CamelPROPWIKID3K.tsv,https://www.geonames.org/41506,https://www.wikidata.org/wiki/Q5845677,cross_source_checked_no_independent_speaker_review
arabic_geonames,Q60044-GeoNames-country-LV,Q60044,سوبات,سُوبَات,لاتفيا,لاتفيا,إستونيا,الهند,المملكة المتحدة,False,False,False,False,الهند,المملكة المتحدة,https://github.com/CAMeL-Lab/CamelProp/blob/main/CamelPROPWIKID3K.tsv,https://www.geonames.org/455102,https://www.wikidata.org/wiki/Q60044,cross_source_checked_no_independent_speaker_review
arabic_geonames,Q61750-GeoNames-country-BO,Q61750,تيواناكو,تِيوَانَاكُو,بوليفيا,بوليفيا,الأرجنتين,الإجابة: بوليفيا,الإجابة: المكسيك,False,False,True,False,الإجابة: بوليفيا,الإجابة: المكسيك,https://github.com/CAMeL-Lab/CamelProp/blob/main/CamelPROPWIKID3K.tsv,https://www.geonames.org/3903046,https://www.wikidata.org/wiki/Q61750,cross_source_checked_no_independent_speaker_review
arabic_geonames,Q619440-GeoNames-country-FJ,Q619440,سافوسافو,سَافُوسَافُو,فيجي,فيجي,بالاو,الجواب: ساموا الأمريكية.,الجواب: ساموا الأمريكية.,False,False,False,False,الجواب: ساموا الأمريكية,الجواب: ساموا الأمريكية,https://github.com/CAMeL-Lab/CamelProp/blob/main/CamelPROPWIKID3K.tsv,https://www.geonames.org/2198520,https://www.wikidata.org/wiki/Q619440,cross_source_checked_no_independent_speaker_review
arabic_geonames,Q626136-GeoNames-country-US,Q626136,أراباهو,أَرَابَاهُو,الولايات المتحدة,الولايات المتحدة,المكسيك,الولايات المتحدة الأمريكية.,الولايات المتحدة الأمريكية.,False,False,False,False,الولايات المتحدة الأمريكية,الولايات المتحدة الأمريكية,https://github.com/CAMeL-Lab/CamelProp/blob/main/CamelPROPWIKID3K.tsv,https://www.geonames.org/4529448,https://www.wikidata.org/wiki/Q626136,cross_source_checked_no_independent_speaker_review
arabic_geonames,Q6272457-GeoNames-country-AU,Q6272457,كنغزغروف,كِنْغْزْغْرُوف,أستراليا,أستراليا,نيوزيلندا,المملكة المتحدة,المانيا,False,False,False,False,المملكة المتحدة,المانيا,https://github.com/CAMeL-Lab/CamelProp/blob/main/CamelPROPWIKID3K.tsv,https://www.geonames.org/8348621,https://www.wikidata.org/wiki/Q6272457,cross_source_checked_no_independent_speaker_review
arabic_geonames,Q638621-GeoNames-country-IN,Q638621,باهرايتش,بَاهْرَايْتْش,الهند,الهند,الصين,الهند,النمسا,True,False,True,False,الهند,النمسا,https://github.com/CAMeL-Lab/CamelProp/blob/main/CamelPROPWIKID3K.tsv,https://www.geonames.org/1277799,https://www.wikidata.org/wiki/Q638621,cross_source_checked_no_independent_speaker_review
arabic_geonames,Q6397-GeoNames-country-FR,Q6397,أفنيون,أَفِنْيُون,فرنسا,فرنسا,بلجيكا,فرنسا,فرنسا,True,True,True,True,فرنسا,فرنسا,https://github.com/CAMeL-Lab/CamelProp/blob/main/CamelPROPWIKID3K.tsv,https://www.geonames.org/3035681,https://www.wikidata.org/wiki/Q6397,cross_source_checked_no_independent_speaker_review
arabic_geonames,Q659887-GeoNames-country-IN,Q659887,كوتايام,كُوتَايَام,الهند,الهند,الصين,الهند,الهند.,True,True,True,True,الهند,الهند,https://github.com/CAMeL-Lab/CamelProp/blob/main/CamelPROPWIKID3K.tsv,https://www.geonames.org/1265911,https://www.wikidata.org/wiki/Q659887,cross_source_checked_no_independent_speaker_review
arabic_geonames,Q669967-GeoNames-country-GR,Q669967,ماكراكومي,مَاكْرَاكُومِي,اليونان,اليونان,بلغاريا,اليابان,اليونان,False,True,False,True,اليابان,اليونان,https://github.com/CAMeL-Lab/CamelProp/blob/main/CamelPROPWIKID3K.tsv,https://www.geonames.org/257975,https://www.wikidata.org/wiki/Q669967,cross_source_checked_no_independent_speaker_review
arabic_geonames,Q67068-GeoNames-country-CH,Q67068,بوبيكون,بُوبِيكُون,سويسرا,سويسرا,فرنسا,المكسيك,المكسيك,False,False,False,False,المكسيك,المكسيك,https://github.com/CAMeL-Lab/CamelProp/blob/main/CamelPROPWIKID3K.tsv,https://www.geonames.org/2661359,https://www.wikidata.org/wiki/Q67068,cross_source_checked_no_independent_speaker_review
arabic_geonames,Q6748057-GeoNames-country-GN,Q6748057,مانديانا,مَانْدِيَانَا,غينيا,غينيا,ليبيريا,موريشيوس,المغرب,False,False,False,False,موريشيوس,المغرب,https://github.com/CAMeL-Lab/CamelProp/blob/main/CamelPROPWIKID3K.tsv,https://www.geonames.org/2417795,https://www.wikidata.org/wiki/Q6748057,cross_source_checked_no_independent_speaker_review
arabic_geonames,Q684152-GeoNames-country-BI,Q684152,كاروزي,كَارُوزِي,بوروندي,بوروندي,الجزائر,إيطاليا,الإجابة: إيطاليا,False,False,False,False,إيطاليا,الإجابة: إيطاليا,https://github.com/CAMeL-Lab/CamelProp/blob/main/CamelPROPWIKID3K.tsv,https://www.geonames.org/428219,https://www.wikidata.org/wiki/Q684152,cross_source_checked_no_independent_speaker_review
arabic_geonames,Q69060-GeoNames-country-CN,Q69060,شينينغ,شِينِينْغ,الصين,الصين,الهند,الصين,الصين,True,True,True,True,الصين,الصين,https://github.com/CAMeL-Lab/CamelProp/blob/main/CamelPROPWIKID3K.tsv,https://www.geonames.org/1788852,https://www.wikidata.org/wiki/Q69060,cross_source_checked_no_independent_speaker_review
arabic_geonames,Q69216-GeoNames-country-CH,Q69216,كوسناخت,كُوسْنَاخْت,سويسرا,سويسرا,فرنسا,سويسرا,تركيا,True,False,True,False,سويسرا,تركيا,https://github.com/CAMeL-Lab/CamelProp/blob/main/CamelPROPWIKID3K.tsv,https://www.geonames.org/2660089,https://www.wikidata.org/wiki/Q69216,cross_source_checked_no_independent_speaker_review
arabic_geonames,Q693093-GeoNames-country-KE,Q693093,مشاكوس,مَشَاكُوس,كينيا,كينيا,أوغندا,كينيا,المكسيك,True,False,True,False,كينيا,المكسيك,https://github.com/CAMeL-Lab/CamelProp/blob/main/CamelPROPWIKID3K.tsv,https://www.geonames.org/188492,https://www.wikidata.org/wiki/Q693093,cross_source_checked_no_independent_speaker_review
arabic_geonames,Q71247-GeoNames-country-CN,Q71247,جينغتشو,جِينْغْتْشُو,الصين,الصين,الهند,الصين,الصين.,True,True,True,True,الصين,الصين,https://github.com/CAMeL-Lab/CamelProp/blob/main/CamelPROPWIKID3K.tsv,https://www.geonames.org/1805540,https://www.wikidata.org/wiki/Q71247,cross_source_checked_no_independent_speaker_review
arabic_geonames,Q71284-GeoNames-country-CN,Q71284,شيانغيانغ,شِيَانْغْيَانْغ,الصين,الصين,الهند,الصين,الصين,True,True,True,True,الصين,الصين,https://github.com/CAMeL-Lab/CamelProp/blob/main/CamelPROPWIKID3K.tsv,https://www.geonames.org/1790587,https://www.wikidata.org/wiki/Q71284,cross_source_checked_no_independent_speaker_review
arabic_geonames,Q719707-GeoNames-country-CA,Q719707,كوغلوكتوك,كُوغْلُوكْتُوك,كندا,كندا,الولايات المتحدة,كندا,كندا,True,True,True,True,كندا,كندا,https://github.com/CAMeL-Lab/CamelProp/blob/main/CamelPROPWIKID3K.tsv,https://www.geonames.org/5994339,https://www.wikidata.org/wiki/Q719707,cross_source_checked_no_independent_speaker_review
arabic_geonames,Q720616-GeoNames-country-IR,Q720616,كامياران,كَامِيَارَان,إيران,إيران,تركيا,إيران,المكسيك,True,False,True,False,إيران,المكسيك,https://github.com/CAMeL-Lab/CamelProp/blob/main/CamelPROPWIKID3K.tsv,https://www.geonames.org/128905,https://www.wikidata.org/wiki/Q720616,cross_source_checked_no_independent_speaker_review
arabic_geonames,Q734315-GeoNames-country-GE,Q734315,زيستابوني,زِيسْتَابُونِي,جورجيا,جورجيا,تركيا,الإجابة: جورجيا,النرويج,False,False,True,False,الإجابة: جورجيا,النرويج,https://github.com/CAMeL-Lab/CamelProp/blob/main/CamelPROPWIKID3K.tsv,https://www.geonames.org/610864,https://www.wikidata.org/wiki/Q734315,cross_source_checked_no_independent_speaker_review
arabic_geonames,Q745051-GeoNames-country-PL,Q745051,تسيخانوف,تِسِيخَانُوف,بولندا,بولندا,التشيك,قيرغيزستان,روسيا,False,False,False,False,قيرغيزستان,روسيا,https://github.com/CAMeL-Lab/CamelProp/blob/main/CamelPROPWIKID3K.tsv,https://www.geonames.org/774208,https://www.wikidata.org/wiki/Q745051,cross_source_checked_no_independent_speaker_review
arabic_geonames,Q745065-GeoNames-country-TR,Q745065,ديرنكويو,دِيرِنْكُويُو,تركيا,تركيا,إيران,تركيا,تركيا,True,True,True,True,تركيا,تركيا,https://github.com/CAMeL-Lab/CamelProp/blob/main/CamelPROPWIKID3K.tsv,https://www.geonames.org/316877,https://www.wikidata.org/wiki/Q745065,cross_source_checked_no_independent_speaker_review
arabic_geonames,Q750989-GeoNames-country-UZ,Q750989,ميناق,مُيْنَاق,أوزبكستان,أوزبكستان,طاجيكستان,المغرب,المغرب,False,False,False,False,المغرب,المغرب,https://github.com/CAMeL-Lab/CamelProp/blob/main/CamelPROPWIKID3K.tsv,https://www.geonames.org/601299,https://www.wikidata.org/wiki/Q750989,cross_source_checked_no_independent_speaker_review
arabic_geonames,Q754776-GeoNames-country-SK,Q754776,كرمنيتسا,كْرِمْنِيتْسَا,سلوفاكيا,سلوفاكيا,هنغاريا,رومانيا,رومانيا,False,False,False,False,رومانيا,رومانيا,https://github.com/CAMeL-Lab/CamelProp/blob/main/CamelPROPWIKID3K.tsv,https://www.geonames.org/3059282,https://www.wikidata.org/wiki/Q754776,cross_source_checked_no_independent_speaker_review
arabic_geonames,Q765472-GeoNames-country-MX,Q765472,مونتيموريلوس,مُونْتِيمُورِيلُوس,المكسيك,المكسيك,الولايات المتحدة,المكسيك,المكسيك,True,True,True,True,المكسيك,المكسيك,https://github.com/CAMeL-Lab/CamelProp/blob/main/CamelPROPWIKID3K.tsv,https://www.geonames.org/3523011,https://www.wikidata.org/wiki/Q765472,cross_source_checked_no_independent_speaker_review
arabic_geonames,Q766923-GeoNames-country-AR,Q766923,ركريو,رِكْرِيُو,الأرجنتين,الأرجنتين,بوليفيا,البرتغال,المكسيك,False,False,False,False,البرتغال,المكسيك,https://github.com/CAMeL-Lab/CamelProp/blob/main/CamelPROPWIKID3K.tsv,https://www.geonames.org/3839263,https://www.wikidata.org/wiki/Q766923,cross_source_checked_no_independent_speaker_review
arabic_geonames,Q798872-GeoNames-country-GR,Q798872,أياني,أَيَانِي,اليونان,اليونان,بلغاريا,اليابان,اليابان,False,False,False,False,اليابان,اليابان,https://github.com/CAMeL-Lab/CamelProp/blob/main/CamelPROPWIKID3K.tsv,https://www.geonames.org/736971,https://www.wikidata.org/wiki/Q798872,cross_source_checked_no_independent_speaker_review
arabic_geonames,Q81030-GeoNames-country-IR,Q81030,خالدأباد,خَالِدْأَبَاد,إيران,إيران,تركيا,الهند.,الإجابة: قيرغيزستان,False,False,False,False,الهند,الإجابة: قيرغيزستان,https://github.com/CAMeL-Lab/CamelProp/blob/main/CamelPROPWIKID3K.tsv,https://www.geonames.org/128081,https://www.wikidata.org/wiki/Q81030,cross_source_checked_no_independent_speaker_review
arabic_geonames,Q820972-GeoNames-country-DJ,Q820972,تاجورة,تَاجُورَة,جيبوتي,جيبوتي,أوغندا,موريتانيا,الجزائر,False,False,False,False,موريتانيا,الجزائر,https://github.com/CAMeL-Lab/CamelProp/blob/main/CamelPROPWIKID3K.tsv,https://www.geonames.org/220782,https://www.wikidata.org/wiki/Q820972,cross_source_checked_no_independent_speaker_review
arabic_geonames,Q833016-GeoNames-country-UY,Q833016,تاكواريمبو,تَاكُوَارِيمْبُو,أورغواي,أورغواي,الأرجنتين,كولومبيا,المكسيك,False,False,False,False,كولومبيا,المكسيك,https://github.com/CAMeL-Lab/CamelProp/blob/main/CamelPROPWIKID3K.tsv,https://www.geonames.org/3440034,https://www.wikidata.org/wiki/Q833016,cross_source_checked_no_independent_speaker_review
arabic_geonames,Q837478-GeoNames-country-SK,Q837478,سابينوف,سَابِينُوف,سلوفاكيا,سلوفاكيا,هنغاريا,روسيا,روسيا,False,False,False,False,روسيا,روسيا,https://github.com/CAMeL-Lab/CamelProp/blob/main/CamelPROPWIKID3K.tsv,https://www.geonames.org/723674,https://www.wikidata.org/wiki/Q837478,cross_source_checked_no_independent_speaker_review
arabic_geonames,Q842018-GeoNames-country-SK,Q842018,كرمباخي,كْرُمْبَاخِي,سلوفاكيا,سلوفاكيا,هنغاريا,الهند,النمسا,False,False,False,False,الهند,النمسا,https://github.com/CAMeL-Lab/CamelProp/blob/main/CamelPROPWIKID3K.tsv,https://www.geonames.org/724377,https://www.wikidata.org/wiki/Q842018,cross_source_checked_no_independent_speaker_review
arabic_geonames,Q845928-GeoNames-country-FR,Q845928,رنشون,رُنْشُون,فرنسا,فرنسا,بلجيكا,المكسيك,كوريا.,False,False,False,False,المكسيك,كوريا,https://github.com/CAMeL-Lab/CamelProp/blob/main/CamelPROPWIKID3K.tsv,https://www.geonames.org/2982951,https://www.wikidata.org/wiki/Q845928,cross_source_checked_no_independent_speaker_review
arabic_geonames,Q850676-GeoNames-country-CZ,Q850676,بلانسكو,بْلَانْسْكُو,التشيك,التشيك | جمهورية التشيك,بولندا,الإجابة: إسبانيا,رومانيا,False,False,False,False,الإجابة: إسبانيا,رومانيا,https://github.com/CAMeL-Lab/CamelProp/blob/main/CamelPROPWIKID3K.tsv,https://www.geonames.org/3079273,https://www.wikidata.org/wiki/Q850676,cross_source_checked_no_independent_speaker_review
arabic_geonames,Q854333-GeoNames-country-KG,Q854333,توكموك,تُوكْمُوك,قيرغيزستان,قيرغيزستان,طاجيكستان,قيرغيزستان,كندا,True,False,True,False,قيرغيزستان,كندا,https://github.com/CAMeL-Lab/CamelProp/blob/main/CamelPROPWIKID3K.tsv,https://www.geonames.org/1527199,https://www.wikidata.org/wiki/Q854333,cross_source_checked_no_independent_speaker_review
arabic_geonames,Q854870-GeoNames-country-FR,Q854870,دوفربن,دُوفْرَبْن,فرنسا,فرنسا,بلجيكا,هولندا,النرويج,False,False,False,False,هولندا,النرويج,https://github.com/CAMeL-Lab/CamelProp/blob/main/CamelPROPWIKID3K.tsv,https://www.geonames.org/3020886,https://www.wikidata.org/wiki/Q854870,cross_source_checked_no_independent_speaker_review
arabic_geonames,Q860304-GeoNames-country-CI,Q860304,دالوا,دَالُوَا,ساحل العاج,ساحل العاج | كوت ديفوار,بوركينا فاسو,ليبيريا,المملكة المتحدة,False,False,False,False,ليبيريا,المملكة المتحدة,https://github.com/CAMeL-Lab/CamelProp/blob/main/CamelPROPWIKID3K.tsv,https://www.geonames.org/2290486,https://www.wikidata.org/wiki/Q860304,cross_source_checked_no_independent_speaker_review
arabic_geonames,Q870475-GeoNames-country-IQ,Q870475,جمجمال,جَمَجْمَال,العراق,العراق,إيران,الإجابة: الهند,المغرب,False,False,False,False,الإجابة: الهند,المغرب,https://github.com/CAMeL-Lab/CamelProp/blob/main/CamelPROPWIKID3K.tsv,https://www.geonames.org/97417,https://www.wikidata.org/wiki/Q870475,cross_source_checked_no_independent_speaker_review
arabic_geonames,Q875070-GeoNames-country-PH,Q875070,داغوبان,دَاغُوبَان,الفلبين,الفلبين,إسرائيل,تركيا,تركيا,False,False,False,False,تركيا,تركيا,https://github.com/CAMeL-Lab/CamelProp/blob/main/CamelPROPWIKID3K.tsv,https://www.geonames.org/1716198,https://www.wikidata.org/wiki/Q875070,cross_source_checked_no_independent_speaker_review
arabic_geonames,Q888678-GeoNames-country-IR,Q888678,شازند,شَازَنْد,إيران,إيران,تركيا,الإجابة: كندا,تركيا,False,False,False,False,الإجابة: كندا,تركيا,https://github.com/CAMeL-Lab/CamelProp/blob/main/CamelPROPWIKID3K.tsv,https://www.geonames.org/142567,https://www.wikidata.org/wiki/Q888678,cross_source_checked_no_independent_speaker_review
arabic_geonames,Q888697-GeoNames-country-IR,Q888697,رامهرمز,رَامْهُرْمُز,إيران,إيران,تركيا,الهند,الإجابة: إيران,False,False,False,True,الهند,الإجابة: إيران,https://github.com/CAMeL-Lab/CamelProp/blob/main/CamelPROPWIKID3K.tsv,https://www.geonames.org/118826,https://www.wikidata.org/wiki/Q888697,cross_source_checked_no_independent_speaker_review
arabic_geonames,Q896185-GeoNames-country-CF,Q896185,بوزوم,بُوزُوم,جمهورية أفريقيا الوسطى,جمهورية أفريقيا الوسطى,جنوب السودان,المكسيك,تركيا,False,False,False,False,المكسيك,تركيا,https://github.com/CAMeL-Lab/CamelProp/blob/main/CamelPROPWIKID3K.tsv,https://www.geonames.org/2387546,https://www.wikidata.org/wiki/Q896185,cross_source_checked_no_independent_speaker_review
arabic_geonames,Q942842-GeoNames-country-CZ,Q942842,سميتشوف,سْمِيتْشُوف,التشيك,التشيك | جمهورية التشيك,بولندا,بولندا,بولندا,False,False,False,False,بولندا,بولندا,https://github.com/CAMeL-Lab/CamelProp/blob/main/CamelPROPWIKID3K.tsv,https://www.geonames.org/3065743,https://www.wikidata.org/wiki/Q942842,cross_source_checked_no_independent_speaker_review
arabic_geonames,Q967701-GeoNames-country-IR,Q967701,ألشتر,أَلِشْتَر,إيران,إيران,تركيا,النرويج,النمسا,False,False,False,False,النرويج,النمسا,https://github.com/CAMeL-Lab/CamelProp/blob/main/CamelPROPWIKID3K.tsv,https://www.geonames.org/144269,https://www.wikidata.org/wiki/Q967701,cross_source_checked_no_independent_speaker_review
arabic_geonames,Q985622-GeoNames-country-NA,Q985622,أوشاكاتي,أُوشَاكَاتِي,ناميبيا,ناميبيا,زامبيا,الإجابة: الإكوادور,المكسيك,False,False,False,False,الإجابة: الإكوادور,المكسيك,https://github.com/CAMeL-Lab/CamelProp/blob/main/CamelPROPWIKID3K.tsv,https://www.geonames.org/3354021,https://www.wikidata.org/wiki/Q985622,cross_source_checked_no_independent_speaker_review
arabic_geonames,Q986102-GeoNames-country-CZ,Q986102,ترجينتس,تْرْجِينِتْس,التشيك,التشيك | جمهورية التشيك,بولندا,ألمانيا,إسبانيا,False,False,False,False,ألمانيا,إسبانيا,https://github.com/CAMeL-Lab/CamelProp/blob/main/CamelPROPWIKID3K.tsv,https://www.geonames.org/3064000,https://www.wikidata.org/wiki/Q986102,cross_source_checked_no_independent_speaker_review
arabic_geonames,Q993200-GeoNames-country-ZM,Q993200,تشيليلابومبوي,تْشِيلِيلَابُومْبُوي,زامبيا,زامبيا,ناميبيا,تنزانيا,الكاميرون,False,False,False,False,تنزانيا,الكاميرون,https://github.com/CAMeL-Lab/CamelProp/blob/main/CamelPROPWIKID3K.tsv,https://www.geonames.org/919544,https://www.wikidata.org/wiki/Q993200,cross_source_checked_no_independent_speaker_review
hebrew_cbs,Q1000900-CBS-subdistrict-23,Q1000900,יפעת,יִפְעַת,יזרעאל,יזרעאל,כנרת,חוף,שדה ורבין,False,False,False,False,חוף,שדה ורבין,https://he.wikipedia.org/wiki/%D7%99%D7%A4%D7%A2%D7%AA,https://data.gov.il/he/datasets/lamas/localities-in-israel/d47a54ff-87f0-44b3-b33a-f284c0c38e5a,https://www.wikidata.org/wiki/Q1000900,cross_source_checked_no_independent_speaker_review
hebrew_cbs,Q1001622-CBS-subdistrict-21,Q1001622,כפר סאלד,כְּפַר סאלְד,צפת,צפת,עכו,מחוז חוף,שפלת יזרעאל,False,False,False,False,מחוז חוף,שפלת יזרעאל,https://he.wikipedia.org/wiki/%D7%9B%D7%A4%D7%A8%20%D7%A1%D7%90%D7%9C%D7%93,https://data.gov.il/he/datasets/lamas/localities-in-israel/d47a54ff-87f0-44b3-b33a-f284c0c38e5a,https://www.wikidata.org/wiki/Q1001622,cross_source_checked_no_independent_speaker_review
hebrew_cbs,Q1011497-CBS-subdistrict-21,Q1011497,מטולה,מְטוּלָה,צפת,צפת,עכו,חיספון,שפלת יזרעאל,False,False,False,False,חיספון,שפלת יזרעאל,https://he.wikipedia.org/wiki/%D7%9E%D7%98%D7%95%D7%9C%D7%94,https://data.gov.il/he/datasets/lamas/localities-in-israel/d47a54ff-87f0-44b3-b33a-f284c0c38e5a,https://www.wikidata.org/wiki/Q1011497,cross_source_checked_no_independent_speaker_review
hebrew_cbs,Q1011505-CBS-subdistrict-43,Q1011505,נצר סרני,נֵצֶר סֶרֶנִי,רמלה,רמלה,השרון,שפלת יזרעאל,שפלת יזרעאל,False,False,False,False,שפלת יזרעאל,שפלת יזרעאל,https://he.wikipedia.org/wiki/%D7%A0%D7%A6%D7%A8%20%D7%A1%D7%A8%D7%A0%D7%99,https://data.gov.il/he/datasets/lamas/localities-in-israel/d47a54ff-87f0-44b3-b33a-f284c0c38e5a,https://www.wikidata.org/wiki/Q1011505,cross_source_checked_no_independent_speaker_review
hebrew_cbs,Q1011518-CBS-subdistrict-61,Q1011518,רבדים,רְבָדִים,אשקלון,אשקלון,באר שבע,שדה,"חי""ש",False,False,False,False,שדה,"חי""ש",https://he.wikipedia.org/wiki/%D7%A8%D7%91%D7%93%D7%99%D7%9D,https://data.gov.il/he/datasets/lamas/localities-in-israel/d47a54ff-87f0-44b3-b33a-f284c0c38e5a,https://www.wikidata.org/wiki/Q1011518,cross_source_checked_no_independent_speaker_review
hebrew_cbs,Q1012741-CBS-subdistrict-32,Q1012741,נחשולים,נַחְשׁוֹלִים,חדרה,חדרה,חיפה,שפלת יזרעאל,שפלת יהודה,False,False,False,False,שפלת יזרעאל,שפלת יהודה,https://he.wikipedia.org/wiki/%D7%A0%D7%97%D7%A9%D7%95%D7%9C%D7%99%D7%9D,https://data.gov.il/he/datasets/lamas/localities-in-israel/d47a54ff-87f0-44b3-b33a-f284c0c38e5a,https://www.wikidata.org/wiki/Q1012741,cross_source_checked_no_independent_speaker_review
hebrew_cbs,Q1018902-CBS-subdistrict-62,Q1018902,חצרים,חֲצֵרִים,באר שבע,באר שבע,אשקלון,שדה אלון,חלץ,False,False,False,False,שדה אלון,חלץ,https://he.wikipedia.org/wiki/%D7%97%D7%A6%D7%A8%D7%99%D7%9D,https://data.gov.il/he/datasets/lamas/localities-in-israel/d47a54ff-87f0-44b3-b33a-f284c0c38e5a,https://www.wikidata.org/wiki/Q1018902,cross_source_checked_no_independent_speaker_review
hebrew_cbs,Q1019478-CBS-subdistrict-21,Q1019478,כפר בלום,כְּפַר בְּלוּם,צפת,צפת,עכו,שפלת יזרעאל,שדה דומינגו,False,False,False,False,שפלת יזרעאל,שדה דומינגו,https://he.wikipedia.org/wiki/%D7%9B%D7%A4%D7%A8%20%D7%91%D7%9C%D7%95%D7%9D,https://data.gov.il/he/datasets/lamas/localities-in-israel/d47a54ff-87f0-44b3-b33a-f284c0c38e5a,https://www.wikidata.org/wiki/Q1019478,cross_source_checked_no_independent_speaker_review
hebrew_cbs,Q1022506-CBS-subdistrict-22,Q1022506,דגניה ב',דְּגַנְיָה ב',כנרת,כנרת,צפת,חולדה,"חי""ש",False,False,False,False,חולדה,"חי""ש",https://he.wikipedia.org/wiki/%D7%93%D7%92%D7%A0%D7%99%D7%94%20%D7%91%27,https://data.gov.il/he/datasets/lamas/localities-in-israel/d47a54ff-87f0-44b3-b33a-f284c0c38e5a,https://www.wikidata.org/wiki/Q1022506,cross_source_checked_no_independent_speaker_review
hebrew_cbs,Q1025294-CBS-subdistrict-11,Q1025294,מבשרת ציון,מְבַשֶּׂרֶת צִיּוֹן,ירושלים,ירושלים,תל אביב,מרכז,שפלת ירקון,False,False,False,False,מרכז,שפלת ירקון,https://he.wikipedia.org/wiki/%D7%9E%D7%91%D7%A9%D7%A8%D7%AA%20%D7%A6%D7%99%D7%95%D7%9F,https://data.gov.il/he/datasets/lamas/localities-in-israel/d47a54ff-87f0-44b3-b33a-f284c0c38e5a,https://www.wikidata.org/wiki/Q1025294,cross_source_checked_no_independent_speaker_review
hebrew_cbs,Q1026531-CBS-subdistrict-62,Q1026531,שדה בוקר,שְׂדֵה בּוֹקֵר,באר שבע,באר שבע,אשקלון,שדות,שדה בוקר נמצאת בנפה: נגב.,False,False,False,False,שדות,שדה בוקר נמצאת בנפה: נגב,https://he.wikipedia.org/wiki/%D7%A9%D7%93%D7%94%20%D7%91%D7%95%D7%A7%D7%A8,https://data.gov.il/he/datasets/lamas/localities-in-israel/d47a54ff-87f0-44b3-b33a-f284c0c38e5a,https://www.wikidata.org/wiki/Q1026531,cross_source_checked_no_independent_speaker_review
hebrew_cbs,Q1026806-CBS-subdistrict-62,Q1026806,כרם שלום,כֶּרֶם שָׁלוֹם,באר שבע,באר שבע,אשקלון,חולון,שפלת יזרעאל,False,False,False,False,חולון,שפלת יזרעאל,https://he.wikipedia.org/wiki/%D7%9B%D7%A8%D7%9D%20%D7%A9%D7%9C%D7%95%D7%9D,https://data.gov.il/he/datasets/lamas/localities-in-israel/d47a54ff-87f0-44b3-b33a-f284c0c38e5a,https://www.wikidata.org/wiki/Q1026806,cross_source_checked_no_independent_speaker_review
hebrew_cbs,Q1026815-CBS-subdistrict-11,Q1026815,אבן ספיר,אֶבֶן סַפִּיר,ירושלים,ירושלים,תל אביב,שדה אלון,שער הנגב,False,False,False,False,שדה אלון,שער הנגב,https://he.wikipedia.org/wiki/%D7%90%D7%91%D7%9F%20%D7%A1%D7%A4%D7%99%D7%A8,https://data.gov.il/he/datasets/lamas/localities-in-israel/d47a54ff-87f0-44b3-b33a-f284c0c38e5a,https://www.wikidata.org/wiki/Q1026815,cross_source_checked_no_independent_speaker_review
hebrew_cbs,Q1186956-CBS-subdistrict-22,Q1186956,כפר תבור,כְּפַר תָּבוֹר,כנרת,כנרת,צפת,תקוע,שפלת יזרעאל,False,False,False,False,תקוע,שפלת יזרעאל,https://he.wikipedia.org/wiki/%D7%9B%D7%A4%D7%A8%20%D7%AA%D7%91%D7%95%D7%A8,https://data.gov.il/he/datasets/lamas/localities-in-israel/d47a54ff-87f0-44b3-b33a-f284c0c38e5a,https://www.wikidata.org/wiki/Q1186956,cross_source_checked_no_independent_speaker_review
hebrew_cbs,Q1339896-CBS-subdistrict-22,Q1339896,עין גב,עֵין גֵּב,כנרת,כנרת,צפת,מרדכי,שפלת יזרעאל,False,False,False,False,מרדכי,שפלת יזרעאל,https://he.wikipedia.org/wiki/%D7%A2%D7%99%D7%9F%20%D7%92%D7%91,https://data.gov.il/he/datasets/lamas/localities-in-israel/d47a54ff-87f0-44b3-b33a-f284c0c38e5a,https://www.wikidata.org/wiki/Q1339896,cross_source_checked_no_independent_speaker_review
hebrew_cbs,Q135484-CBS-subdistrict-31,Q135484,שער העמקים,שַׁעַר הָעֲמָקִים,חיפה,חיפה,חדרה,שער העמקים נמצאת בנפה מרכז.,חוֹקֵק,False,False,False,False,שער העמקים נמצאת בנפה מרכז,חוקק,https://he.wikipedia.org/wiki/%D7%A9%D7%A2%D7%A8%20%D7%94%D7%A2%D7%9E%D7%A7%D7%99%D7%9D,https://data.gov.il/he/datasets/lamas/localities-in-israel/d47a54ff-87f0-44b3-b33a-f284c0c38e5a,https://www.wikidata.org/wiki/Q135484,cross_source_checked_no_independent_speaker_review
hebrew_cbs,Q135485-CBS-subdistrict-31,Q135485,רכסים,רְכָסִים,חיפה,חיפה,חדרה,שפלת יפו-רמת עכרם,שפלת יזרעאל,False,False,False,False,שפלת יפו-רמת עכרם,שפלת יזרעאל,https://he.wikipedia.org/wiki/%D7%A8%D7%9B%D7%A1%D7%99%D7%9D,https://data.gov.il/he/datasets/lamas/localities-in-israel/d47a54ff-87f0-44b3-b33a-f284c0c38e5a,https://www.wikidata.org/wiki/Q135485,cross_source_checked_no_independent_speaker_review
hebrew_cbs,Q1399102-CBS-subdistrict-23,Q1399102,רשפים,רְשָׁפִים,יזרעאל,יזרעאל,כנרת,שפלת יזרעאל,שפלת יזרעאל,False,False,False,False,שפלת יזרעאל,שפלת יזרעאל,https://he.wikipedia.org/wiki/%D7%A8%D7%A9%D7%A4%D7%99%D7%9D,https://data.gov.il/he/datasets/lamas/localities-in-israel/d47a54ff-87f0-44b3-b33a-f284c0c38e5a,https://www.wikidata.org/wiki/Q1399102,cross_source_checked_no_independent_speaker_review
hebrew_cbs,Q1487392-CBS-subdistrict-21,Q1487392,כפר גלעדי,כְּפַר גִּלְעָדִי,צפת,צפת,עכו,שפלת יזרעאל,"חי""ש",False,False,False,False,שפלת יזרעאל,"חי""ש",https://he.wikipedia.org/wiki/%D7%9B%D7%A4%D7%A8%20%D7%92%D7%9C%D7%A2%D7%93%D7%99,https://data.gov.il/he/datasets/lamas/localities-in-israel/d47a54ff-87f0-44b3-b33a-f284c0c38e5a,https://www.wikidata.org/wiki/Q1487392,cross_source_checked_no_independent_speaker_review
hebrew_cbs,Q151920-CBS-subdistrict-22,Q151920,טבריה,טְבֶרְיָה,כנרת,כנרת,צפת,מחוז עכו,שפלת יפו-מצפה ים,False,False,False,False,מחוז עכו,שפלת יפו-מצפה ים,https://he.wikipedia.org/wiki/%D7%98%D7%91%D7%A8%D7%99%D7%94,https://data.gov.il/he/datasets/lamas/localities-in-israel/d47a54ff-87f0-44b3-b33a-f284c0c38e5a,https://www.wikidata.org/wiki/Q151920,cross_source_checked_no_independent_speaker_review
hebrew_cbs,Q152385-CBS-subdistrict-24,Q152385,מעלות-תרשיחא,מַעֲלוֹת-תַרשִׁיחָא,עכו,עכו,צפת,מחוז חוף,שפלת יזרעאל,False,False,False,False,מחוז חוף,שפלת יזרעאל,https://he.wikipedia.org/wiki/%D7%9E%D7%A2%D7%9C%D7%95%D7%AA-%D7%AA%D7%A8%D7%A9%D7%99%D7%97%D7%90,https://data.gov.il/he/datasets/lamas/localities-in-israel/d47a54ff-87f0-44b3-b33a-f284c0c38e5a,https://www.wikidata.org/wiki/Q152385,cross_source_checked_no_independent_speaker_review
hebrew_cbs,Q152387-CBS-subdistrict-31,Q152387,קריית ים,קִרְייַת יָם,חיפה,חיפה,חדרה,נפת חפר,חיפה,False,True,False,True,נפת חפר,חיפה,https://he.wikipedia.org/wiki/%D7%A7%D7%A8%D7%99%D7%99%D7%AA%20%D7%99%D7%9D,https://data.gov.il/he/datasets/lamas/localities-in-israel/d47a54ff-87f0-44b3-b33a-f284c0c38e5a,https://www.wikidata.org/wiki/Q152387,cross_source_checked_no_independent_speaker_review
hebrew_cbs,Q152418-CBS-subdistrict-24,Q152418,כרמיאל,כַּרְמִיאֵל,עכו,עכו,צפת,מחוז הגליל העליון,כרמל,False,False,False,False,מחוז הגליל העליון,כרמל,https://he.wikipedia.org/wiki/%D7%9B%D7%A8%D7%9E%D7%99%D7%90%D7%9C,https://data.gov.il/he/datasets/lamas/localities-in-israel/d47a54ff-87f0-44b3-b33a-f284c0c38e5a,https://www.wikidata.org/wiki/Q152418,cross_source_checked_no_independent_speaker_review
hebrew_cbs,Q152436-CBS-subdistrict-42,Q152436,כפר סבא,כְּפַר סָבָא,פתח תקווה,פתח תקווה,רחובות,מרכז,"חי""ש",False,False,False,False,מרכז,"חי""ש",https://he.wikipedia.org/wiki/%D7%9B%D7%A4%D7%A8%20%D7%A1%D7%91%D7%90,https://data.gov.il/he/datasets/lamas/localities-in-israel/d47a54ff-87f0-44b3-b33a-f284c0c38e5a,https://www.wikidata.org/wiki/Q152436,cross_source_checked_no_independent_speaker_review
hebrew_cbs,Q152467-CBS-subdistrict-52,Q152467,בני ברק,בְּנֵי בְּרַק,תל אביב,תל אביב,ירושלים,תל אביב,שפלת יפו-מצפון,True,False,True,False,תל אביב,שפלת יפו-מצפון,https://he.wikipedia.org/wiki/%D7%91%D7%A0%D7%99%20%D7%91%D7%A8%D7%A7,https://data.gov.il/he/datasets/lamas/localities-in-israel/d47a54ff-87f0-44b3-b33a-f284c0c38e5a,https://www.wikidata.org/wiki/Q152467,cross_source_checked_no_independent_speaker_review
hebrew_cbs,Q152473-CBS-subdistrict-62,Q152473,ערד,עֲרָד,באר שבע,באר שבע,אשקלון,נפת ערד,שדה,False,False,False,False,נפת ערד,שדה,https://he.wikipedia.org/wiki/%D7%A2%D7%A8%D7%93,https://data.gov.il/he/datasets/lamas/localities-in-israel/d47a54ff-87f0-44b3-b33a-f284c0c38e5a,https://www.wikidata.org/wiki/Q152473,cross_source_checked_no_independent_speaker_review
hebrew_cbs,Q152501-CBS-subdistrict-52,Q152501,קריית אונו,קריית אוֹנוֹ,תל אביב,תל אביב,ירושלים,מרכז,שפלת יזרעאל,False,False,False,False,מרכז,שפלת יזרעאל,https://he.wikipedia.org/wiki/%D7%A7%D7%A8%D7%99%D7%99%D7%AA%20%D7%90%D7%95%D7%A0%D7%95,https://data.gov.il/he/datasets/lamas/localities-in-israel/d47a54ff-87f0-44b3-b33a-f284c0c38e5a,https://www.wikidata.org/wiki/Q152501,cross_source_checked_no_independent_speaker_review
hebrew_cbs,Q152659-CBS-subdistrict-42,Q152659,כפר קאסם,כַּפְר קַאסִם,פתח תקווה,פתח תקווה,רחובות,חולון,"חי""ש",False,False,False,False,חולון,"חי""ש",https://he.wikipedia.org/wiki/%D7%9B%D7%A4%D7%A8%20%D7%A7%D7%90%D7%A1%D7%9D,https://data.gov.il/he/datasets/lamas/localities-in-israel/d47a54ff-87f0-44b3-b33a-f284c0c38e5a,https://www.wikidata.org/wiki/Q152659,cross_source_checked_no_independent_speaker_review
hebrew_cbs,Q16132344-CBS-subdistrict-44,Q16132344,גני טל,גַּנֵּי טַל,רחובות,רחובות,השרון,שפלת יזרעאל,שפלת יהודה,False,False,False,False,שפלת יזרעאל,שפלת יהודה,https://he.wikipedia.org/wiki/%D7%92%D7%A0%D7%99%20%D7%98%D7%9C,https://data.gov.il/he/datasets/lamas/localities-in-israel/d47a54ff-87f0-44b3-b33a-f284c0c38e5a,https://www.wikidata.org/wiki/Q16132344,cross_source_checked_no_independent_speaker_review
hebrew_cbs,Q165623-CBS-subdistrict-21,Q165623,קדרים,קַדָּרִים,צפת,צפת,עכו,שפלת יזרעאל,שפלת יפו-מפתח,False,False,False,False,שפלת יזרעאל,שפלת יפו-מפתח,https://he.wikipedia.org/wiki/%D7%A7%D7%93%D7%A8%D7%99%D7%9D,https://data.gov.il/he/datasets/lamas/localities-in-israel/d47a54ff-87f0-44b3-b33a-f284c0c38e5a,https://www.wikidata.org/wiki/Q165623,cross_source_checked_no_independent_speaker_review
hebrew_cbs,Q1660243-CBS-subdistrict-21,Q1660243,כפר שמאי,כְּפַר שַׁמַּאי,צפת,צפת,עכו,חיסכון,"חי""ש",False,False,False,False,חיסכון,"חי""ש",https://he.wikipedia.org/wiki/%D7%9B%D7%A4%D7%A8%20%D7%A9%D7%9E%D7%90%D7%99,https://data.gov.il/he/datasets/lamas/localities-in-israel/d47a54ff-87f0-44b3-b33a-f284c0c38e5a,https://www.wikidata.org/wiki/Q1660243,cross_source_checked_no_independent_speaker_review
hebrew_cbs,Q166857-CBS-subdistrict-32,Q166857,גן שמואל,גַּן שְׁמוּאֵל,חדרה,חדרה,חיפה,חיפה,שפלת יזרעאל,False,False,False,False,חיפה,שפלת יזרעאל,https://he.wikipedia.org/wiki/%D7%92%D7%9F%20%D7%A9%D7%9E%D7%95%D7%90%D7%9C,https://data.gov.il/he/datasets/lamas/localities-in-israel/d47a54ff-87f0-44b3-b33a-f284c0c38e5a,https://www.wikidata.org/wiki/Q166857,cross_source_checked_no_independent_speaker_review
hebrew_cbs,Q166865-CBS-subdistrict-32,Q166865,עין שמר,עֵין שֶׁמֶר,חדרה,חדרה,חיפה,מרדכי,שפלת ירושלים,False,False,False,False,מרדכי,שפלת ירושלים,https://he.wikipedia.org/wiki/%D7%A2%D7%99%D7%9F%20%D7%A9%D7%9E%D7%A8,https://data.gov.il/he/datasets/lamas/localities-in-israel/d47a54ff-87f0-44b3-b33a-f284c0c38e5a,https://www.wikidata.org/wiki/Q166865,cross_source_checked_no_independent_speaker_review
hebrew_cbs,Q1676894-CBS-subdistrict-22,Q1676894,יבנאל,יַבְנְאֵל,כנרת,כנרת,צפת,"חי""ש",שפלת יפו-מצפון,False,False,False,False,"חי""ש",שפלת יפו-מצפון,https://he.wikipedia.org/wiki/%D7%99%D7%91%D7%A0%D7%90%D7%9C,https://data.gov.il/he/datasets/lamas/localities-in-israel/d47a54ff-87f0-44b3-b33a-f284c0c38e5a,https://www.wikidata.org/wiki/Q1676894,cross_source_checked_no_independent_speaker_review
hebrew_cbs,Q168215-CBS-subdistrict-31,Q168215,טירת כרמל,טִירַת כַּרְמֶל,חיפה,חיפה,חדרה,חיפה,חיפה,True,True,True,True,חיפה,חיפה,https://he.wikipedia.org/wiki/%D7%98%D7%99%D7%A8%D7%AA%20%D7%9B%D7%A8%D7%9E%D7%9C,https://data.gov.il/he/datasets/lamas/localities-in-israel/d47a54ff-87f0-44b3-b33a-f284c0c38e5a,https://www.wikidata.org/wiki/Q168215,cross_source_checked_no_independent_speaker_review
hebrew_cbs,Q1759981-CBS-subdistrict-44,Q1759981,פלמחים,פַּלְמַחִים,רחובות,רחובות,השרון,שער הנגב,שפלת יפו-תל אביב,False,False,False,False,שער הנגב,שפלת יפו-תל אביב,https://he.wikipedia.org/wiki/%D7%A4%D7%9C%D7%9E%D7%97%D7%99%D7%9D,https://data.gov.il/he/datasets/lamas/localities-in-israel/d47a54ff-87f0-44b3-b33a-f284c0c38e5a,https://www.wikidata.org/wiki/Q1759981,cross_source_checked_no_independent_speaker_review
hebrew_cbs,Q1814658-CBS-subdistrict-32,Q1814658,אור עקיבא,אוֹר עֲקִיבָא,חדרה,חדרה,חיפה,שפלת עזה,שער הנגב,False,False,False,False,שפלת עזה,שער הנגב,https://he.wikipedia.org/wiki/%D7%90%D7%95%D7%A8%20%D7%A2%D7%A7%D7%99%D7%91%D7%90,https://data.gov.il/he/datasets/lamas/localities-in-israel/d47a54ff-87f0-44b3-b33a-f284c0c38e5a,https://www.wikidata.org/wiki/Q1814658,cross_source_checked_no_independent_speaker_review
hebrew_cbs,Q1853103-CBS-subdistrict-22,Q1853103,אשדות יעקב (איחוד),אַשְדּוֹת יַעֲקֹב (אִיחוּד),כנרת,כנרת,צפת,שדה יוסף,שדה ורבין,False,False,False,False,שדה יוסף,שדה ורבין,https://he.wikipedia.org/wiki/%D7%90%D7%A9%D7%93%D7%95%D7%AA%20%D7%99%D7%A2%D7%A7%D7%91%20%D7%90%D7%99%D7%97%D7%95%D7%93,https://data.gov.il/he/datasets/lamas/localities-in-israel/d47a54ff-87f0-44b3-b33a-f284c0c38e5a,https://www.wikidata.org/wiki/Q1853103,cross_source_checked_no_independent_speaker_review
hebrew_cbs,Q192213-CBS-subdistrict-53,Q192213,חולון,חוֹלוֹן,תל אביב,תל אביב,ירושלים,אשכול,תל אביב,False,True,False,True,אשכול,תל אביב,https://he.wikipedia.org/wiki/%D7%97%D7%95%D7%9C%D7%95%D7%9F,https://data.gov.il/he/datasets/lamas/localities-in-israel/d47a54ff-87f0-44b3-b33a-f284c0c38e5a,https://www.wikidata.org/wiki/Q192213,cross_source_checked_no_independent_speaker_review
hebrew_cbs,Q192225-CBS-subdistrict-41,Q192225,נתניה,נְתַנְיָה,השרון,השרון,רמלה,נפת תל אביב,שפלת יפו-מצפון,False,False,False,False,נפת תל אביב,שפלת יפו-מצפון,https://he.wikipedia.org/wiki/%D7%A0%D7%AA%D7%A0%D7%99%D7%94,https://data.gov.il/he/datasets/lamas/localities-in-israel/d47a54ff-87f0-44b3-b33a-f284c0c38e5a,https://www.wikidata.org/wiki/Q192225,cross_source_checked_no_independent_speaker_review
hebrew_cbs,Q1941126-CBS-subdistrict-32,Q1941126,"גבעת ניל""י","גִּבְעַת נִילִ""י",חדרה,חדרה,חיפה,שפלת יפו-מפתח,חיפה,False,False,False,False,שפלת יפו-מפתח,חיפה,https://he.wikipedia.org/wiki/%D7%92%D7%91%D7%A2%D7%AA%20%D7%A0%D7%99%D7%9C%22%D7%99,https://data.gov.il/he/datasets/lamas/localities-in-israel/d47a54ff-87f0-44b3-b33a-f284c0c38e5a,https://www.wikidata.org/wiki/Q1941126,cross_source_checked_no_independent_speaker_review
hebrew_cbs,Q2111856-CBS-subdistrict-61,Q2111856,כפר אחים,כְּפַר אַחִים,אשקלון,אשקלון,באר שבע,חיפה,"חי""ש",False,False,False,False,חיפה,"חי""ש",https://he.wikipedia.org/wiki/%D7%9B%D7%A4%D7%A8%20%D7%90%D7%97%D7%99%D7%9D,https://data.gov.il/he/datasets/lamas/localities-in-israel/d47a54ff-87f0-44b3-b33a-f284c0c38e5a,https://www.wikidata.org/wiki/Q2111856,cross_source_checked_no_independent_speaker_review
hebrew_cbs,Q2130036-CBS-subdistrict-11,Q2130036,רמת רחל,רָמַת רָחֵל,ירושלים,ירושלים,תל אביב,שפלת יהודה,לוזון,False,False,False,False,שפלת יהודה,לוזון,https://he.wikipedia.org/wiki/%D7%A8%D7%9E%D7%AA%20%D7%A8%D7%97%D7%9C,https://data.gov.il/he/datasets/lamas/localities-in-israel/d47a54ff-87f0-44b3-b33a-f284c0c38e5a,https://www.wikidata.org/wiki/Q2130036,cross_source_checked_no_independent_speaker_review
hebrew_cbs,Q2168131-CBS-subdistrict-61,Q2168131,אמונים,אֱמוּנִים,אשקלון,אשקלון,באר שבע,שפלת יזרעאל,שפלת יזרעאל,False,False,False,False,שפלת יזרעאל,שפלת יזרעאל,https://he.wikipedia.org/wiki/%D7%90%D7%9E%D7%95%D7%A0%D7%99%D7%9D,https://data.gov.il/he/datasets/lamas/localities-in-israel/d47a54ff-87f0-44b3-b33a-f284c0c38e5a,https://www.wikidata.org/wiki/Q2168131,cross_source_checked_no_independent_speaker_review
hebrew_cbs,Q2371396-CBS-subdistrict-22,Q2371396,דגניה א',דְּגַנְיָה א',כנרת,כנרת,צפת,חולדה,שדה יוסף,False,False,False,False,חולדה,שדה יוסף,https://he.wikipedia.org/wiki/%D7%93%D7%92%D7%A0%D7%99%D7%94%20%D7%90%27,https://data.gov.il/he/datasets/lamas/localities-in-israel/d47a54ff-87f0-44b3-b33a-f284c0c38e5a,https://www.wikidata.org/wiki/Q2371396,cross_source_checked_no_independent_speaker_review
hebrew_cbs,Q2389508-CBS-subdistrict-51,Q2389508,כפר שמריהו,כְּפַר שׁמַרְיָהוּ,תל אביב,תל אביב,ירושלים,השומרון,שפלת יזרעאל,False,False,False,False,השומרון,שפלת יזרעאל,https://he.wikipedia.org/wiki/%D7%9B%D7%A4%D7%A8%20%D7%A9%D7%9E%D7%A8%D7%99%D7%94%D7%95,https://data.gov.il/he/datasets/lamas/localities-in-israel/d47a54ff-87f0-44b3-b33a-f284c0c38e5a,https://www.wikidata.org/wiki/Q2389508,cross_source_checked_no_independent_speaker_review
hebrew_cbs,Q2390257-CBS-subdistrict-24,Q2390257,נחף,נַחְף,עכו,עכו,צפת,שפלת יזרעאל,שער הנגב,False,False,False,False,שפלת יזרעאל,שער הנגב,https://he.wikipedia.org/wiki/%D7%A0%D7%97%D7%A3,https://data.gov.il/he/datasets/lamas/localities-in-israel/d47a54ff-87f0-44b3-b33a-f284c0c38e5a,https://www.wikidata.org/wiki/Q2390257,cross_source_checked_no_independent_speaker_review
hebrew_cbs,Q2413397-CBS-subdistrict-21,Q2413397,אמירים,אֲמִירִים,צפת,צפת,עכו,שפלת יזרעאל,שפלת יפו-מצפון,False,False,False,False,שפלת יזרעאל,שפלת יפו-מצפון,https://he.wikipedia.org/wiki/%D7%90%D7%9E%D7%99%D7%A8%D7%99%D7%9D,https://data.gov.il/he/datasets/lamas/localities-in-israel/d47a54ff-87f0-44b3-b33a-f284c0c38e5a,https://www.wikidata.org/wiki/Q2413397,cross_source_checked_no_independent_speaker_review
hebrew_cbs,Q2418411-CBS-subdistrict-32,Q2418411,כפר גליקסון,כְּפַר גְּלִיקְסוֹן,חדרה,חדרה,חיפה,שפלת יזרעאל,"חי""ש",False,False,False,False,שפלת יזרעאל,"חי""ש",https://he.wikipedia.org/wiki/%D7%9B%D7%A4%D7%A8%20%D7%92%D7%9C%D7%99%D7%A7%D7%A1%D7%95%D7%9F,https://data.gov.il/he/datasets/lamas/localities-in-israel/d47a54ff-87f0-44b3-b33a-f284c0c38e5a,https://www.wikidata.org/wiki/Q2418411,cross_source_checked_no_independent_speaker_review
hebrew_cbs,Q2449546-CBS-subdistrict-61,Q2449546,ערוגות,עֲרוּגוֹת,אשקלון,אשקלון,באר שבע,"חי""ש",שפרי,False,False,False,False,"חי""ש",שפרי,https://he.wikipedia.org/wiki/%D7%A2%D7%A8%D7%95%D7%92%D7%95%D7%AA,https://data.gov.il/he/datasets/lamas/localities-in-israel/d47a54ff-87f0-44b3-b33a-f284c0c38e5a,https://www.wikidata.org/wiki/Q2449546,cross_source_checked_no_independent_speaker_review
hebrew_cbs,Q2471186-CBS-subdistrict-61,Q2471186,עזר,עֵזֶר,אשקלון,אשקלון,באר שבע,שפלת יזרעאל,שדה אלון,False,False,False,False,שפלת יזרעאל,שדה אלון,https://he.wikipedia.org/wiki/%D7%A2%D7%96%D7%A8,https://data.gov.il/he/datasets/lamas/localities-in-israel/d47a54ff-87f0-44b3-b33a-f284c0c38e5a,https://www.wikidata.org/wiki/Q2471186,cross_source_checked_no_independent_speaker_review
hebrew_cbs,Q2473572-CBS-subdistrict-62,Q2473572,דריג'את,דֻרַיְגַ'את,באר שבע,באר שבע,אשקלון,חברון,שדה דור,False,False,False,False,חברון,שדה דור,https://he.wikipedia.org/wiki/%D7%93%D7%A8%D7%99%D7%92%27%D7%90%D7%AA,https://data.gov.il/he/datasets/lamas/localities-in-israel/d47a54ff-87f0-44b3-b33a-f284c0c38e5a,https://www.wikidata.org/wiki/Q2473572,cross_source_checked_no_independent_speaker_review
hebrew_cbs,Q2475182-CBS-subdistrict-32,Q2475182,פרדס חנה-כרכור,פַּרְדֵּס חַנָּה-כַּרְכּוּר,חדרה,חדרה,חיפה,"חי""ש",שפלת יפו-מצפון,False,False,False,False,"חי""ש",שפלת יפו-מצפון,https://he.wikipedia.org/wiki/%D7%A4%D7%A8%D7%93%D7%A1%20%D7%97%D7%A0%D7%94-%D7%9B%D7%A8%D7%9B%D7%95%D7%A8,https://data.gov.il/he/datasets/lamas/localities-in-israel/d47a54ff-87f0-44b3-b33a-f284c0c38e5a,https://www.wikidata.org/wiki/Q2475182,cross_source_checked_no_independent_speaker_review
hebrew_cbs,Q25488222-CBS-subdistrict-42,Q25488222,בית ברל,בֵּית בֶּרְל,פתח תקווה,פתח תקווה,רחובות,שפלת ירושלים,שפלת ירושלים,False,False,False,False,שפלת ירושלים,שפלת ירושלים,https://he.wikipedia.org/wiki/%D7%91%D7%99%D7%AA%20%D7%91%D7%A8%D7%9C,https://data.gov.il/he/datasets/lamas/localities-in-israel/d47a54ff-87f0-44b3-b33a-f284c0c38e5a,https://www.wikidata.org/wiki/Q25488222,cross_source_checked_no_independent_speaker_review
hebrew_cbs,Q2570427-CBS-subdistrict-61,Q2570427,אביגדור,אֲבִיגְדוֹר,אשקלון,אשקלון,באר שבע,אשכול,שדה אלון,False,False,False,False,אשכול,שדה אלון,https://he.wikipedia.org/wiki/%D7%90%D7%91%D7%99%D7%92%D7%93%D7%95%D7%A8,https://data.gov.il/he/datasets/lamas/localities-in-israel/d47a54ff-87f0-44b3-b33a-f284c0c38e5a,https://www.wikidata.org/wiki/Q2570427,cross_source_checked_no_independent_speaker_review
hebrew_cbs,Q2572624-CBS-subdistrict-24,Q2572624,אבו סנאן,אַבּוּ סְנַאן,עכו,עכו,צפת,מחוז מנשה,מרדכי,False,False,False,False,מחוז מנשה,מרדכי,https://he.wikipedia.org/wiki/%D7%90%D7%91%D7%95%20%D7%A1%D7%A0%D7%90%D7%9F,https://data.gov.il/he/datasets/lamas/localities-in-israel/d47a54ff-87f0-44b3-b33a-f284c0c38e5a,https://www.wikidata.org/wiki/Q2572624,cross_source_checked_no_independent_speaker_review
hebrew_cbs,Q2573500-CBS-subdistrict-22,Q2573500,בית זרע,בֵּית זֶרַע,כנרת,כנרת,צפת,שפלת יזרעאל,שער הנגב,False,False,False,False,שפלת יזרעאל,שער הנגב,https://he.wikipedia.org/wiki/%D7%91%D7%99%D7%AA%20%D7%96%D7%A8%D7%A2,https://data.gov.il/he/datasets/lamas/localities-in-israel/d47a54ff-87f0-44b3-b33a-f284c0c38e5a,https://www.wikidata.org/wiki/Q2573500,cross_source_checked_no_independent_speaker_review
hebrew_cbs,Q257555-CBS-subdistrict-62,Q257555,נירים,נִירִים,באר שבע,באר שבע,אשקלון,שער הנגב,מרדכי,False,False,False,False,שער הנגב,מרדכי,https://he.wikipedia.org/wiki/%D7%A0%D7%99%D7%A8%D7%99%D7%9D,https://data.gov.il/he/datasets/lamas/localities-in-israel/d47a54ff-87f0-44b3-b33a-f284c0c38e5a,https://www.wikidata.org/wiki/Q257555,cross_source_checked_no_independent_speaker_review
hebrew_cbs,Q2588837-CBS-subdistrict-21,Q2588837,חצור הגלילית,חָצוֹר הַגְּלִילִית,צפת,צפת,עכו,מחוז חוף,חיפה,False,False,False,False,מחוז חוף,חיפה,https://he.wikipedia.org/wiki/%D7%97%D7%A6%D7%95%D7%A8%20%D7%94%D7%92%D7%9C%D7%99%D7%9C%D7%99%D7%AA,https://data.gov.il/he/datasets/lamas/localities-in-israel/d47a54ff-87f0-44b3-b33a-f284c0c38e5a,https://www.wikidata.org/wiki/Q2588837,cross_source_checked_no_independent_speaker_review
hebrew_cbs,Q2612736-CBS-subdistrict-43,Q2612736,בית נחמיה,בֵּית נְחֶמְיָה,רמלה,רמלה,השרון,שדה יהודה,שדה אלון,False,False,False,False,שדה יהודה,שדה אלון,https://he.wikipedia.org/wiki/%D7%91%D7%99%D7%AA%20%D7%A0%D7%97%D7%9E%D7%99%D7%94,https://data.gov.il/he/datasets/lamas/localities-in-israel/d47a54ff-87f0-44b3-b33a-f284c0c38e5a,https://www.wikidata.org/wiki/Q2612736,cross_source_checked_no_independent_speaker_review
hebrew_cbs,Q2612861-CBS-subdistrict-43,Q2612861,בית עריף,בֵּית עָרִיף,רמלה,רמלה,השרון,חבל עזה,שער הנגב,False,False,False,False,חבל עזה,שער הנגב,https://he.wikipedia.org/wiki/%D7%91%D7%99%D7%AA%20%D7%A2%D7%A8%D7%99%D7%A3,https://data.gov.il/he/datasets/lamas/localities-in-israel/d47a54ff-87f0-44b3-b33a-f284c0c38e5a,https://www.wikidata.org/wiki/Q2612861,cross_source_checked_no_independent_speaker_review
hebrew_cbs,Q2613167-CBS-subdistrict-43,Q2613167,כפר דניאל,כְּפַר דָּנִיֵּאל,רמלה,רמלה,השרון,מרכז,"חי""ש",False,False,False,False,מרכז,"חי""ש",https://he.wikipedia.org/wiki/%D7%9B%D7%A4%D7%A8%20%D7%93%D7%A0%D7%99%D7%90%D7%9C,https://data.gov.il/he/datasets/lamas/localities-in-israel/d47a54ff-87f0-44b3-b33a-f284c0c38e5a,https://www.wikidata.org/wiki/Q2613167,cross_source_checked_no_independent_speaker_review
hebrew_cbs,Q2613353-CBS-subdistrict-42,Q2613353,"גבעת כ""ח","גִּבְעַת כֹּ""חַ",פתח תקווה,פתח תקווה,רחובות,שער הנגב,שדה ורבין,False,False,False,False,שער הנגב,שדה ורבין,https://he.wikipedia.org/wiki/%D7%92%D7%91%D7%A2%D7%AA%20%D7%9B%22%D7%97,https://data.gov.il/he/datasets/lamas/localities-in-israel/d47a54ff-87f0-44b3-b33a-f284c0c38e5a,https://www.wikidata.org/wiki/Q2613353,cross_source_checked_no_independent_speaker_review
hebrew_cbs,Q2614185-CBS-subdistrict-42,Q2614185,מזור,מָזוֹר,פתח תקווה,פתח תקווה,רחובות,שפיר,שפלת יזרעאל,False,False,False,False,שפיר,שפלת יזרעאל,https://he.wikipedia.org/wiki/%D7%9E%D7%96%D7%95%D7%A8,https://data.gov.il/he/datasets/lamas/localities-in-israel/d47a54ff-87f0-44b3-b33a-f284c0c38e5a,https://www.wikidata.org/wiki/Q2614185,cross_source_checked_no_independent_speaker_review
hebrew_cbs,Q2614192-CBS-subdistrict-42,Q2614192,נחלים,נְחָלִים,פתח תקווה,פתח תקווה,רחובות,שדה אליהו,שפלת ירושלים,False,False,False,False,שדה אליהו,שפלת ירושלים,https://he.wikipedia.org/wiki/%D7%A0%D7%97%D7%9C%D7%99%D7%9D,https://data.gov.il/he/datasets/lamas/localities-in-israel/d47a54ff-87f0-44b3-b33a-f284c0c38e5a,https://www.wikidata.org/wiki/Q2614192,cross_source_checked_no_independent_speaker_review
hebrew_cbs,Q2614199-CBS-subdistrict-43,Q2614199,כרם בן שמן,כֶּרֶם בֶּן שֶׁמֶן,רמלה,רמלה,השרון,שער הנגב,שדה,False,False,False,False,שער הנגב,שדה,https://he.wikipedia.org/wiki/%D7%9B%D7%A8%D7%9D%20%D7%91%D7%9F%20%D7%A9%D7%9E%D7%9F,https://data.gov.il/he/datasets/lamas/localities-in-israel/d47a54ff-87f0-44b3-b33a-f284c0c38e5a,https://www.wikidata.org/wiki/Q2614199,cross_source_checked_no_independent_speaker_review
hebrew_cbs,Q2614214-CBS-subdistrict-43,Q2614214,כפר רות,כְּפַר רוּת,רמלה,רמלה,השרון,שדה אלון,שער הנגב,False,False,False,False,שדה אלון,שער הנגב,https://he.wikipedia.org/wiki/%D7%9B%D7%A4%D7%A8%20%D7%A8%D7%95%D7%AA,https://data.gov.il/he/datasets/lamas/localities-in-israel/d47a54ff-87f0-44b3-b33a-f284c0c38e5a,https://www.wikidata.org/wiki/Q2614214,cross_source_checked_no_independent_speaker_review
hebrew_cbs,Q2614818-CBS-subdistrict-43,Q2614818,שילת,שִׁילַת,רמלה,רמלה,השרון,מרמורק,שפלת,False,False,False,False,מרמורק,שפלת,https://he.wikipedia.org/wiki/%D7%A9%D7%99%D7%9C%D7%AA,https://data.gov.il/he/datasets/lamas/localities-in-israel/d47a54ff-87f0-44b3-b33a-f284c0c38e5a,https://www.wikidata.org/wiki/Q2614818,cross_source_checked_no_independent_speaker_review
hebrew_cbs,Q2614824-CBS-subdistrict-43,Q2614824,חדיד,חָדִיד,רמלה,רמלה,השרון,שדה הארץ,שער הנגב,False,False,False,False,שדה הארץ,שער הנגב,https://he.wikipedia.org/wiki/%D7%97%D7%93%D7%99%D7%93,https://data.gov.il/he/datasets/lamas/localities-in-israel/d47a54ff-87f0-44b3-b33a-f284c0c38e5a,https://www.wikidata.org/wiki/Q2614824,cross_source_checked_no_independent_speaker_review
hebrew_cbs,Q2614828-CBS-subdistrict-43,Q2614828,מבוא מודיעים,מְבוֹא מוֹדִיעִים,רמלה,רמלה,השרון,שער הנגב,שפלת יפו-מפתח,False,False,False,False,שער הנגב,שפלת יפו-מפתח,https://he.wikipedia.org/wiki/%D7%9E%D7%91%D7%95%D7%90%20%D7%9E%D7%95%D7%93%D7%99%D7%A2%D7%99%D7%9D,https://data.gov.il/he/datasets/lamas/localities-in-israel/d47a54ff-87f0-44b3-b33a-f284c0c38e5a,https://www.wikidata.org/wiki/Q2614828,cross_source_checked_no_independent_speaker_review
hebrew_cbs,Q2623238-CBS-subdistrict-62,Q2623238,ביר הדאג',בִּיר הַדַּאג',באר שבע,באר שבע,אשקלון,חברון,שדה יוסף,False,False,False,False,חברון,שדה יוסף,https://he.wikipedia.org/wiki/%D7%91%D7%99%D7%A8%20%D7%94%D7%93%D7%90%D7%92%27,https://data.gov.il/he/datasets/lamas/localities-in-israel/d47a54ff-87f0-44b3-b33a-f284c0c38e5a,https://www.wikidata.org/wiki/Q2623238,cross_source_checked_no_independent_speaker_review
hebrew_cbs,Q2639602-CBS-subdistrict-21,Q2639602,יסוד המעלה,יְסוּד הַמַּעֲלָה,צפת,צפת,עכו,מרדכי,מְחוֹזָה יְהוּדִי,False,False,False,False,מרדכי,מחוזה יהודי,https://he.wikipedia.org/wiki/%D7%99%D7%A1%D7%95%D7%93%20%D7%94%D7%9E%D7%A2%D7%9C%D7%94,https://data.gov.il/he/datasets/lamas/localities-in-israel/d47a54ff-87f0-44b3-b33a-f284c0c38e5a,https://www.wikidata.org/wiki/Q2639602,cross_source_checked_no_independent_speaker_review
hebrew_cbs,Q2640151-CBS-subdistrict-24,Q2640151,ירכא,יִרְכַּא,עכו,עכו,צפת,מחוז מרכז,שדה אלון,False,False,False,False,מחוז מרכז,שדה אלון,https://he.wikipedia.org/wiki/%D7%99%D7%A8%D7%9B%D7%90,https://data.gov.il/he/datasets/lamas/localities-in-israel/d47a54ff-87f0-44b3-b33a-f284c0c38e5a,https://www.wikidata.org/wiki/Q2640151,cross_source_checked_no_independent_speaker_review
hebrew_cbs,Q2655682-CBS-subdistrict-25,Q2655682,ריינה,רֶיינַה,יזרעאל,יזרעאל,כנרת,שפלת יזרעאל,שפלת יזרעאל,False,False,False,False,שפלת יזרעאל,שפלת יזרעאל,https://he.wikipedia.org/wiki/%D7%A8%D7%99%D7%99%D7%A0%D7%94,https://data.gov.il/he/datasets/lamas/localities-in-israel/d47a54ff-87f0-44b3-b33a-f284c0c38e5a,https://www.wikidata.org/wiki/Q2655682,cross_source_checked_no_independent_speaker_review
hebrew_cbs,Q2667061-CBS-subdistrict-31,Q2667061,דאלית אל-כרמל,דַאלְיַת אֶל-כַּרְמֶל,חיפה,חיפה,חדרה,חיפה,חיפה,True,True,True,True,חיפה,חיפה,https://he.wikipedia.org/wiki/%D7%93%D7%90%D7%9C%D7%99%D7%AA%20%D7%90%D7%9C-%D7%9B%D7%A8%D7%9E%D7%9C,https://data.gov.il/he/datasets/lamas/localities-in-israel/d47a54ff-87f0-44b3-b33a-f284c0c38e5a,https://www.wikidata.org/wiki/Q2667061,cross_source_checked_no_independent_speaker_review
hebrew_cbs,Q2667322-CBS-subdistrict-31,Q2667322,רמת יוחנן,רָמַת יוֹחָנָן,חיפה,חיפה,חדרה,חיפה,שפלת יפו-מפתח,True,False,True,False,חיפה,שפלת יפו-מפתח,https://he.wikipedia.org/wiki/%D7%A8%D7%9E%D7%AA%20%D7%99%D7%95%D7%97%D7%A0%D7%9F,https://data.gov.il/he/datasets/lamas/localities-in-israel/d47a54ff-87f0-44b3-b33a-f284c0c38e5a,https://www.wikidata.org/wiki/Q2667322,cross_source_checked_no_independent_speaker_review
hebrew_cbs,Q269858-CBS-subdistrict-32,Q269858,החותרים,הַחוֹתְרים,חדרה,חדרה,חיפה,שפלת יזרעאל,שפלת יפו-מפתח,False,False,False,False,שפלת יזרעאל,שפלת יפו-מפתח,https://he.wikipedia.org/wiki/%D7%94%D7%97%D7%95%D7%AA%D7%A8%D7%99%D7%9D,https://data.gov.il/he/datasets/lamas/localities-in-israel/d47a54ff-87f0-44b3-b33a-f284c0c38e5a,https://www.wikidata.org/wiki/Q269858,cross_source_checked_no_independent_speaker_review
hebrew_cbs,Q2776285-CBS-subdistrict-41,Q2776285,פורת,פּוֹרָת,השרון,השרון,רמלה,שדה,שפלת יזרעאל,False,False,False,False,שדה,שפלת יזרעאל,https://he.wikipedia.org/wiki/%D7%A4%D7%95%D7%A8%D7%AA,https://data.gov.il/he/datasets/lamas/localities-in-israel/d47a54ff-87f0-44b3-b33a-f284c0c38e5a,https://www.wikidata.org/wiki/Q2776285,cross_source_checked_no_independent_speaker_review
hebrew_cbs,Q2776779-CBS-subdistrict-42,Q2776779,צור יצחק,צוּר יִצְחָק,פתח תקווה,פתח תקווה,רחובות,שפלת יזרעאל,שדה יוסף,False,False,False,False,שפלת יזרעאל,שדה יוסף,https://he.wikipedia.org/wiki/%D7%A6%D7%95%D7%A8%20%D7%99%D7%A6%D7%97%D7%A7,https://data.gov.il/he/datasets/lamas/localities-in-israel/d47a54ff-87f0-44b3-b33a-f284c0c38e5a,https://www.wikidata.org/wiki/Q2776779,cross_source_checked_no_independent_speaker_review
hebrew_cbs,Q2776831-CBS-subdistrict-22,Q2776831,שדה אילן,שְׂדֵה אִילָן,כנרת,כנרת,צפת,שדה אילן נמצאת בנפה: אזור תעשייה.,"חי""ש",False,False,False,False,שדה אילן נמצאת בנפה: אזור תעשייה,"חי""ש",https://he.wikipedia.org/wiki/%D7%A9%D7%93%D7%94%20%D7%90%D7%99%D7%9C%D7%9F,https://data.gov.il/he/datasets/lamas/localities-in-israel/d47a54ff-87f0-44b3-b33a-f284c0c38e5a,https://www.wikidata.org/wiki/Q2776831,cross_source_checked_no_independent_speaker_review
hebrew_cbs,Q2776835-CBS-subdistrict-62,Q2776835,באר אורה,בְּאֵר אוֹרָה,באר שבע,באר שבע,אשקלון,שער הנגב,שדה וֶרֶת,False,False,False,False,שער הנגב,שדה ורת,https://he.wikipedia.org/wiki/%D7%91%D7%90%D7%A8%20%D7%90%D7%95%D7%A8%D7%94,https://data.gov.il/he/datasets/lamas/localities-in-israel/d47a54ff-87f0-44b3-b33a-f284c0c38e5a,https://www.wikidata.org/wiki/Q2776835,cross_source_checked_no_independent_speaker_review
hebrew_cbs,Q2776841-CBS-subdistrict-44,Q2776841,בית אלעזרי,בֵּית אֶלְעָזָרִי,רחובות,רחובות,השרון,שדה יוסף,שדה יוסף,False,False,False,False,שדה יוסף,שדה יוסף,https://he.wikipedia.org/wiki/%D7%91%D7%99%D7%AA%20%D7%90%D7%9C%D7%A2%D7%96%D7%A8%D7%99,https://data.gov.il/he/datasets/lamas/localities-in-israel/d47a54ff-87f0-44b3-b33a-f284c0c38e5a,https://www.wikidata.org/wiki/Q2776841,cross_source_checked_no_independent_speaker_review
hebrew_cbs,Q2776865-CBS-subdistrict-23,Q2776865,אלון הגליל,אַלּוֹן הַגָּלִיל,יזרעאל,יזרעאל,כנרת,חיספון,חוֹקֵק,False,False,False,False,חיספון,חוקק,https://he.wikipedia.org/wiki/%D7%90%D7%9C%D7%95%D7%9F%20%D7%94%D7%92%D7%9C%D7%99%D7%9C,https://data.gov.il/he/datasets/lamas/localities-in-israel/d47a54ff-87f0-44b3-b33a-f284c0c38e5a,https://www.wikidata.org/wiki/Q2776865,cross_source_checked_no_independent_speaker_review
hebrew_cbs,Q2776880-CBS-subdistrict-21,Q2776880,משגב עם,מִשְׂגַב עָם,צפת,צפת,עכו,שער הנגב,שדה דומינגו,False,False,False,False,שער הנגב,שדה דומינגו,https://he.wikipedia.org/wiki/%D7%9E%D7%A9%D7%92%D7%91%20%D7%A2%D7%9D,https://data.gov.il/he/datasets/lamas/localities-in-israel/d47a54ff-87f0-44b3-b33a-f284c0c38e5a,https://www.wikidata.org/wiki/Q2776880,cross_source_checked_no_independent_speaker_review
hebrew_cbs,Q2776935-CBS-subdistrict-22,Q2776935,כפר קיש,כְּפַר קִישׁ,כנרת,כנרת,צפת,שפלת יזרעאל,שער הנגב,False,False,False,False,שפלת יזרעאל,שער הנגב,https://he.wikipedia.org/wiki/%D7%9B%D7%A4%D7%A8%20%D7%A7%D7%99%D7%A9,https://data.gov.il/he/datasets/lamas/localities-in-israel/d47a54ff-87f0-44b3-b33a-f284c0c38e5a,https://www.wikidata.org/wiki/Q2776935,cross_source_checked_no_independent_speaker_review
hebrew_cbs,Q2776946-CBS-subdistrict-23,Q2776946,שריד,שָׂרִיד,יזרעאל,יזרעאל,כנרת,שפלת יזרעאל,שפלת יזרעאל,False,False,False,False,שפלת יזרעאל,שפלת יזרעאל,https://he.wikipedia.org/wiki/%D7%A9%D7%A8%D7%99%D7%93,https://data.gov.il/he/datasets/lamas/localities-in-israel/d47a54ff-87f0-44b3-b33a-f284c0c38e5a,https://www.wikidata.org/wiki/Q2776946,cross_source_checked_no_independent_speaker_review
hebrew_cbs,Q2777017-CBS-subdistrict-21,Q2777017,שניר,שְׂנִיר,צפת,צפת,עכו,מטה יהודה,חולון,False,False,False,False,מטה יהודה,חולון,https://he.wikipedia.org/wiki/%D7%A9%D7%A0%D7%99%D7%A8,https://data.gov.il/he/datasets/lamas/localities-in-israel/d47a54ff-87f0-44b3-b33a-f284c0c38e5a,https://www.wikidata.org/wiki/Q2777017,cross_source_checked_no_independent_speaker_review
hebrew_cbs,Q2777055-CBS-subdistrict-22,Q2777055,הודיות,הוֹדָיוֹת,כנרת,כנרת,צפת,שפלת יפו-מצפון,שפלת יזרעאל,False,False,False,False,שפלת יפו-מצפון,שפלת יזרעאל,https://he.wikipedia.org/wiki/%D7%94%D7%95%D7%93%D7%99%D7%95%D7%AA,https://data.gov.il/he/datasets/lamas/localities-in-israel/d47a54ff-87f0-44b3-b33a-f284c0c38e5a,https://www.wikidata.org/wiki/Q2777055,cross_source_checked_no_independent_speaker_review
hebrew_cbs,Q2777088-CBS-subdistrict-32,Q2777088,מאור,מָאוֹר,חדרה,חדרה,חיפה,שפלת יזרעאל,שדה אלון,False,False,False,False,שפלת יזרעאל,שדה אלון,https://he.wikipedia.org/wiki/%D7%9E%D7%90%D7%95%D7%A8,https://data.gov.il/he/datasets/lamas/localities-in-israel/d47a54ff-87f0-44b3-b33a-f284c0c38e5a,https://www.wikidata.org/wiki/Q2777088,cross_source_checked_no_independent_speaker_review
hebrew_cbs,Q2777147-CBS-subdistrict-32,Q2777147,"כרם מהר""ל","כֶּרֶם מַהֲרַ""ל",חדרה,חדרה,חיפה,מרום הגליל,שפלת יזרעאל,False,False,False,False,מרום הגליל,שפלת יזרעאל,https://he.wikipedia.org/wiki/%D7%9B%D7%A8%D7%9D%20%D7%9E%D7%94%D7%A8%22%D7%9C,https://data.gov.il/he/datasets/lamas/localities-in-israel/d47a54ff-87f0-44b3-b33a-f284c0c38e5a,https://www.wikidata.org/wiki/Q2777147,cross_source_checked_no_independent_speaker_review
hebrew_cbs,Q2777225-CBS-subdistrict-31,Q2777225,כפר ביאליק,כְּפַר בְּיַאלִיק,חיפה,חיפה,חדרה,חיפה,"חי""ש",True,False,True,False,חיפה,"חי""ש",https://he.wikipedia.org/wiki/%D7%9B%D7%A4%D7%A8%20%D7%91%D7%99%D7%90%D7%9C%D7%99%D7%A7,https://data.gov.il/he/datasets/lamas/localities-in-israel/d47a54ff-87f0-44b3-b33a-f284c0c38e5a,https://www.wikidata.org/wiki/Q2777225,cross_source_checked_no_independent_speaker_review
hebrew_cbs,Q2777234-CBS-subdistrict-21,Q2777234,כרם בן זמרה,כֶּרֶם בֶּן זִמְרָה,צפת,צפת,עכו,חיפה,שדה,False,False,False,False,חיפה,שדה,https://he.wikipedia.org/wiki/%D7%9B%D7%A8%D7%9D%20%D7%91%D7%9F%20%D7%96%D7%9E%D7%A8%D7%94,https://data.gov.il/he/datasets/lamas/localities-in-israel/d47a54ff-87f0-44b3-b33a-f284c0c38e5a,https://www.wikidata.org/wiki/Q2777234,cross_source_checked_no_independent_speaker_review
hebrew_cbs,Q2777301-CBS-subdistrict-22,Q2777301,גבעת אבני,גִּבְעַת אַבְנִי,כנרת,כנרת,צפת,שפלת יזרעאל,שער הנגב,False,False,False,False,שפלת יזרעאל,שער הנגב,https://he.wikipedia.org/wiki/%D7%92%D7%91%D7%A2%D7%AA%20%D7%90%D7%91%D7%A0%D7%99,https://data.gov.il/he/datasets/lamas/localities-in-israel/d47a54ff-87f0-44b3-b33a-f284c0c38e5a,https://www.wikidata.org/wiki/Q2777301,cross_source_checked_no_independent_speaker_review
hebrew_cbs,Q2777328-CBS-subdistrict-31,Q2777328,כפר המכבי,כְּפַר הַמַּכַּבִּי,חיפה,חיפה,חדרה,שפלת יזרעאל,"חי""ש",False,False,False,False,שפלת יזרעאל,"חי""ש",https://he.wikipedia.org/wiki/%D7%9B%D7%A4%D7%A8%20%D7%94%D7%9E%D7%9B%D7%91%D7%99,https://data.gov.il/he/datasets/lamas/localities-in-israel/d47a54ff-87f0-44b3-b33a-f284c0c38e5a,https://www.wikidata.org/wiki/Q2777328,cross_source_checked_no_independent_speaker_review
hebrew_cbs,Q2777329-CBS-subdistrict-23,Q2777329,חנתון,חַנָּתוֹן,יזרעאל,יזרעאל,כנרת,חיפה,שפרעם,False,False,False,False,חיפה,שפרעם,https://he.wikipedia.org/wiki/%D7%97%D7%A0%D7%AA%D7%95%D7%9F,https://data.gov.il/he/datasets/lamas/localities-in-israel/d47a54ff-87f0-44b3-b33a-f284c0c38e5a,https://www.wikidata.org/wiki/Q2777329,cross_source_checked_no_independent_speaker_review
hebrew_cbs,Q2777339-CBS-subdistrict-23,Q2777339,ניר יפה,נִיר יָפֶה,יזרעאל,יזרעאל,כנרת,שפלת יפו-מצפון,שפלת יהודה,False,False,False,False,שפלת יפו-מצפון,שפלת יהודה,https://he.wikipedia.org/wiki/%D7%A0%D7%99%D7%A8%20%D7%99%D7%A4%D7%94,https://data.gov.il/he/datasets/lamas/localities-in-israel/d47a54ff-87f0-44b3-b33a-f284c0c38e5a,https://www.wikidata.org/wiki/Q2777339,cross_source_checked_no_independent_speaker_review
hebrew_cbs,Q2777355-CBS-subdistrict-32,Q2777355,מאיר שפיה,מֵאִיר שְׁפֵיָה,חדרה,חדרה,חיפה,שפלת יזרעאל,שפלת יזרעאל,False,False,False,False,שפלת יזרעאל,שפלת יזרעאל,https://he.wikipedia.org/wiki/%D7%9E%D7%90%D7%99%D7%A8%20%D7%A9%D7%A4%D7%99%D7%94,https://data.gov.il/he/datasets/lamas/localities-in-israel/d47a54ff-87f0-44b3-b33a-f284c0c38e5a,https://www.wikidata.org/wiki/Q2777355,cross_source_checked_no_independent_speaker_review
hebrew_cbs,Q2777371-CBS-subdistrict-44,Q2777371,גן שלמה,גַּן שְׁלֹמֹה,רחובות,רחובות,השרון,שדה אלון,שפלת יהודה,False,False,False,False,שדה אלון,שפלת יהודה,https://he.wikipedia.org/wiki/%D7%A7%D7%91%D7%95%D7%A6%D7%AA%20%D7%A9%D7%99%D7%9C%D7%A8,https://data.gov.il/he/datasets/lamas/localities-in-israel/d47a54ff-87f0-44b3-b33a-f284c0c38e5a,https://www.wikidata.org/wiki/Q2777371,cross_source_checked_no_independent_speaker_review
hebrew_cbs,Q2777403-CBS-subdistrict-24,Q2777403,עבדון,עַבְדּוֹן,עכו,עכו,צפת,שפלת יזרעאל,חיפה,False,False,False,False,שפלת יזרעאל,חיפה,https://he.wikipedia.org/wiki/%D7%A2%D7%91%D7%93%D7%95%D7%9F,https://data.gov.il/he/datasets/lamas/localities-in-israel/d47a54ff-87f0-44b3-b33a-f284c0c38e5a,https://www.wikidata.org/wiki/Q2777403,cross_source_checked_no_independent_speaker_review
hebrew_cbs,Q2777474-CBS-subdistrict-23,Q2777474,עין העמק,עֵין הָעֵמֶק,יזרעאל,יזרעאל,כנרת,חולדה,מרדכי,False,False,False,False,חולדה,מרדכי,https://he.wikipedia.org/wiki/%D7%A2%D7%99%D7%9F%20%D7%94%D7%A2%D7%9E%D7%A7,https://data.gov.il/he/datasets/lamas/localities-in-israel/d47a54ff-87f0-44b3-b33a-f284c0c38e5a,https://www.wikidata.org/wiki/Q2777474,cross_source_checked_no_independent_speaker_review
hebrew_cbs,Q277749-CBS-subdistrict-32,Q277749,צרופה,צְרוּפָה,חדרה,חדרה,חיפה,שפלת יזרעאל,שפלת יזרעאל,False,False,False,False,שפלת יזרעאל,שפלת יזרעאל,https://he.wikipedia.org/wiki/%D7%A6%D7%A8%D7%95%D7%A4%D7%94,https://data.gov.il/he/datasets/lamas/localities-in-israel/d47a54ff-87f0-44b3-b33a-f284c0c38e5a,https://www.wikidata.org/wiki/Q277749,cross_source_checked_no_independent_speaker_review
hebrew_cbs,Q2777518-CBS-subdistrict-23,Q2777518,כפר ברוך,כְּפַר בָּרוּךְ,יזרעאל,יזרעאל,כנרת,בשומרון,שדה,False,False,False,False,בשומרון,שדה,https://he.wikipedia.org/wiki/%D7%9B%D7%A4%D7%A8%20%D7%91%D7%A8%D7%95%D7%9A,https://data.gov.il/he/datasets/lamas/localities-in-israel/d47a54ff-87f0-44b3-b33a-f284c0c38e5a,https://www.wikidata.org/wiki/Q2777518,cross_source_checked_no_independent_speaker_review
hebrew_cbs,Q2777727-CBS-subdistrict-24,Q2777727,לפידות,לַפִּידוֹת,עכו,עכו,צפת,שפלת יזרעאל,שדה יוסף,False,False,False,False,שפלת יזרעאל,שדה יוסף,https://he.wikipedia.org/wiki/%D7%9C%D7%A4%D7%99%D7%93%D7%95%D7%AA,https://data.gov.il/he/datasets/lamas/localities-in-israel/d47a54ff-87f0-44b3-b33a-f284c0c38e5a,https://www.wikidata.org/wiki/Q2777727,cross_source_checked_no_independent_speaker_review
hebrew_cbs,Q2777766-CBS-subdistrict-25,Q2777766,מנשית זבדה,מנשְיַת זבדה,יזרעאל,יזרעאל,כנרת,מחוז חוף,מחוז חלב,False,False,False,False,מחוז חוף,מחוז חלב,https://he.wikipedia.org/wiki/%D7%9E%D7%A0%D7%A9%D7%99%D7%AA%20%D7%96%D7%91%D7%93%D7%94,https://data.gov.il/he/datasets/lamas/localities-in-israel/d47a54ff-87f0-44b3-b33a-f284c0c38e5a,https://www.wikidata.org/wiki/Q2777766,cross_source_checked_no_independent_speaker_review
hebrew_cbs,Q2777868-CBS-subdistrict-24,Q2777868,מג'ד אל-כרום,מַגְ'ד אֶל-כֻּר֫וּם,עכו,עכו,צפת,חיפה,חיפה,False,False,False,False,חיפה,חיפה,https://he.wikipedia.org/wiki/%D7%9E%D7%92%27%D7%93%20%D7%90%D7%9C-%D7%9B%D7%A8%D7%95%D7%9D,https://data.gov.il/he/datasets/lamas/localities-in-israel/d47a54ff-87f0-44b3-b33a-f284c0c38e5a,https://www.wikidata.org/wiki/Q2777868,cross_source_checked_no_independent_speaker_review
hebrew_cbs,Q2777886-CBS-subdistrict-11,Q2777886,שואבה,שׁוֹאֵבָה,ירושלים,ירושלים,תל אביב,"חי""ש",שפלת יזרעאל,False,False,False,False,"חי""ש",שפלת יזרעאל,https://he.wikipedia.org/wiki/%D7%A9%D7%95%D7%90%D7%91%D7%94,https://data.gov.il/he/datasets/lamas/localities-in-israel/d47a54ff-87f0-44b3-b33a-f284c0c38e5a,https://www.wikidata.org/wiki/Q2777886,cross_source_checked_no_independent_speaker_review
hebrew_cbs,Q2777893-CBS-subdistrict-61,Q2777893,ורדון,וַרְדּוֹן,אשקלון,אשקלון,באר שבע,לורן,"חי""ש",False,False,False,False,לורן,"חי""ש",https://he.wikipedia.org/wiki/%D7%95%D7%A8%D7%93%D7%95%D7%9F,https://data.gov.il/he/datasets/lamas/localities-in-israel/d47a54ff-87f0-44b3-b33a-f284c0c38e5a,https://www.wikidata.org/wiki/Q2777893,cross_source_checked_no_independent_speaker_review
hebrew_cbs,Q2777930-CBS-subdistrict-61,Q2777930,מבקיעים,מַבְקִיעִים,אשקלון,אשקלון,באר שבע,שער הנגב,"חי""ש",False,False,False,False,שער הנגב,"חי""ש",https://he.wikipedia.org/wiki/%D7%9E%D7%91%D7%A7%D7%99%D7%A2%D7%99%D7%9D,https://data.gov.il/he/datasets/lamas/localities-in-israel/d47a54ff-87f0-44b3-b33a-f284c0c38e5a,https://www.wikidata.org/wiki/Q2777930,cross_source_checked_no_independent_speaker_review
hebrew_cbs,Q2778037-CBS-subdistrict-11,Q2778037,צלפון,צְלָפוֹן,ירושלים,ירושלים,תל אביב,שפלת יזרעאל,שפלת יזרעאל,False,False,False,False,שפלת יזרעאל,שפלת יזרעאל,https://he.wikipedia.org/wiki/%D7%A6%D7%9C%D7%A4%D7%95%D7%9F,https://data.gov.il/he/datasets/lamas/localities-in-israel/d47a54ff-87f0-44b3-b33a-f284c0c38e5a,https://www.wikidata.org/wiki/Q2778037,cross_source_checked_no_independent_speaker_review
hebrew_cbs,Q2778071-CBS-subdistrict-61,Q2778071,ניר ישראל,נִיר יִשְׂרָאֵל,אשקלון,אשקלון,באר שבע,שפלת יזרעאל,שפלת יזרעאל,False,False,False,False,שפלת יזרעאל,שפלת יזרעאל,https://he.wikipedia.org/wiki/%D7%A0%D7%99%D7%A8%20%D7%99%D7%A9%D7%A8%D7%90%D7%9C,https://data.gov.il/he/datasets/lamas/localities-in-israel/d47a54ff-87f0-44b3-b33a-f284c0c38e5a,https://www.wikidata.org/wiki/Q2778071,cross_source_checked_no_independent_speaker_review
hebrew_cbs,Q2778078-CBS-subdistrict-43,Q2778078,פדיה,פְּדָיָה,רמלה,רמלה,השרון,שדה,"חי""ש",False,False,False,False,שדה,"חי""ש",https://he.wikipedia.org/wiki/%D7%A4%D7%93%D7%99%D7%94,https://data.gov.il/he/datasets/lamas/localities-in-israel/d47a54ff-87f0-44b3-b33a-f284c0c38e5a,https://www.wikidata.org/wiki/Q2778078,cross_source_checked_no_independent_speaker_review
hebrew_cbs,Q2778107-CBS-subdistrict-43,Q2778107,ניר צבי,נִיר צְבִי,רמלה,רמלה,השרון,שפלת יזרעאל,שדה אלון,False,False,False,False,שפלת יזרעאל,שדה אלון,https://he.wikipedia.org/wiki/%D7%A0%D7%99%D7%A8%20%D7%A6%D7%91%D7%99,https://data.gov.il/he/datasets/lamas/localities-in-israel/d47a54ff-87f0-44b3-b33a-f284c0c38e5a,https://www.wikidata.org/wiki/Q2778107,cross_source_checked_no_independent_speaker_review
hebrew_cbs,Q2778113-CBS-subdistrict-11,Q2778113,מחסיה,מַחְסֵיָה,ירושלים,ירושלים,תל אביב,שדה יוסף,"חי""ש",False,False,False,False,שדה יוסף,"חי""ש",https://he.wikipedia.org/wiki/%D7%9E%D7%97%D7%A1%D7%99%D7%94,https://data.gov.il/he/datasets/lamas/localities-in-israel/d47a54ff-87f0-44b3-b33a-f284c0c38e5a,https://www.wikidata.org/wiki/Q2778113,cross_source_checked_no_independent_speaker_review
hebrew_cbs,Q2778126-CBS-subdistrict-43,Q2778126,יגל,יָגֵל,רמלה,רמלה,השרון,שדה אלון,שדה,False,False,False,False,שדה אלון,שדה,https://he.wikipedia.org/wiki/%D7%99%D7%92%D7%9C,https://data.gov.il/he/datasets/lamas/localities-in-israel/d47a54ff-87f0-44b3-b33a-f284c0c38e5a,https://www.wikidata.org/wiki/Q2778126,cross_source_checked_no_independent_speaker_review
hebrew_cbs,Q2778240-CBS-subdistrict-43,Q2778240,גנות,גַּנּוֹת,רמלה,רמלה,השרון,חיפה,שפלת יפו-מצפה יותם,False,False,False,False,חיפה,שפלת יפו-מצפה יותם,https://he.wikipedia.org/wiki/%D7%92%D7%A0%D7%95%D7%AA,https://data.gov.il/he/datasets/lamas/localities-in-israel/d47a54ff-87f0-44b3-b33a-f284c0c38e5a,https://www.wikidata.org/wiki/Q2778240,cross_source_checked_no_independent_speaker_review
hebrew_cbs,Q279745-CBS-subdistrict-62,Q279745,עין יהב,עֵין יַהַב,באר שבע,באר שבע,אשקלון,אילת,שער הנגב,False,False,False,False,אילת,שער הנגב,https://he.wikipedia.org/wiki/%D7%A2%D7%99%D7%9F%20%D7%99%D7%94%D7%91,https://data.gov.il/he/datasets/lamas/localities-in-israel/d47a54ff-87f0-44b3-b33a-f284c0c38e5a,https://www.wikidata.org/wiki/Q279745,cross_source_checked_no_independent_speaker_review
hebrew_cbs,Q2839248-CBS-subdistrict-23,Q2839248,אלוני אבא,אַלּוֹנֵי אַבָּא,יזרעאל,יזרעאל,כנרת,מרמורק,שפלת יזרעאל,False,False,False,False,מרמורק,שפלת יזרעאל,https://he.wikipedia.org/wiki/%D7%90%D7%9C%D7%95%D7%A0%D7%99%20%D7%90%D7%91%D7%90,https://data.gov.il/he/datasets/lamas/localities-in-israel/d47a54ff-87f0-44b3-b33a-f284c0c38e5a,https://www.wikidata.org/wiki/Q2839248,cross_source_checked_no_independent_speaker_review
hebrew_cbs,Q2843398-CBS-subdistrict-11,Q2843398,עמינדב,עַמִּינָדָב,ירושלים,ירושלים,תל אביב,שדה הארץ,שדה ורבין,False,False,False,False,שדה הארץ,שדה ורבין,https://he.wikipedia.org/wiki/%D7%A2%D7%9E%D7%99%D7%A0%D7%93%D7%91,https://data.gov.il/he/datasets/lamas/localities-in-israel/d47a54ff-87f0-44b3-b33a-f284c0c38e5a,https://www.wikidata.org/wiki/Q2843398,cross_source_checked_no_independent_speaker_review
hebrew_cbs,Q2888533-CBS-subdistrict-24,Q2888533,גשר הזיו,גֶּשֶׁר הַזִּיו,עכו,עכו,צפת,חיפה,שפלת יפו-מפתח,False,False,False,False,חיפה,שפלת יפו-מפתח,https://he.wikipedia.org/wiki/%D7%92%D7%A9%D7%A8%20%D7%94%D7%96%D7%99%D7%95,https://data.gov.il/he/datasets/lamas/localities-in-israel/d47a54ff-87f0-44b3-b33a-f284c0c38e5a,https://www.wikidata.org/wiki/Q2888533,cross_source_checked_no_independent_speaker_review
hebrew_cbs,Q2888594-CBS-subdistrict-22,Q2888594,שדמות דבורה,שַׁדְמוֹת דְּבוֹרָה,כנרת,כנרת,צפת,שפלת יזרעאל,"שדה דומ""ג",False,False,False,False,שפלת יזרעאל,"שדה דומ""ג",https://he.wikipedia.org/wiki/%D7%A9%D7%93%D7%9E%D7%95%D7%AA%20%D7%93%D7%91%D7%95%D7%A8%D7%94,https://data.gov.il/he/datasets/lamas/localities-in-israel/d47a54ff-87f0-44b3-b33a-f284c0c38e5a,https://www.wikidata.org/wiki/Q2888594,cross_source_checked_no_independent_speaker_review
hebrew_cbs,Q2888633-CBS-subdistrict-32,Q2888633,שדה יצחק,שְׂדֵה יִצְחָק,חדרה,חדרה,חיפה,שדה יצחק נמצאת בנפה: אזור תעשייה.,שדה ישע,False,False,False,False,שדה יצחק נמצאת בנפה: אזור תעשייה,שדה ישע,https://he.wikipedia.org/wiki/%D7%A9%D7%93%D7%94%20%D7%99%D7%A6%D7%97%D7%A7,https://data.gov.il/he/datasets/lamas/localities-in-israel/d47a54ff-87f0-44b3-b33a-f284c0c38e5a,https://www.wikidata.org/wiki/Q2888633,cross_source_checked_no_independent_speaker_review
hebrew_cbs,Q2888798-CBS-subdistrict-61,Q2888798,שדה משה,שְׂדֵה מֹשֶׁה,אשקלון,אשקלון,באר שבע,שדה משה נמצא בנפה מרכזית.,שדה משה נמצאת בנפה מרכז,False,False,False,False,שדה משה נמצא בנפה מרכזית,שדה משה נמצאת בנפה מרכז,https://he.wikipedia.org/wiki/%D7%A9%D7%93%D7%94%20%D7%9E%D7%A9%D7%94,https://data.gov.il/he/datasets/lamas/localities-in-israel/d47a54ff-87f0-44b3-b33a-f284c0c38e5a,https://www.wikidata.org/wiki/Q2888798,cross_source_checked_no_independent_speaker_review
hebrew_cbs,Q2888811-CBS-subdistrict-62,Q2888811,מבועים,מַבּוּעִים,באר שבע,באר שבע,אשקלון,שדה אלון,"חי""ש",False,False,False,False,שדה אלון,"חי""ש",https://he.wikipedia.org/wiki/%D7%9E%D7%91%D7%95%D7%A2%D7%99%D7%9D,https://data.gov.il/he/datasets/lamas/localities-in-israel/d47a54ff-87f0-44b3-b33a-f284c0c38e5a,https://www.wikidata.org/wiki/Q2888811,cross_source_checked_no_independent_speaker_review
hebrew_cbs,Q2888841-CBS-subdistrict-62,Q2888841,עמיעוז,עַמִּיעוֹז,באר שבע,באר שבע,אשקלון,שער הנגב,שפלת יהודה,False,False,False,False,שער הנגב,שפלת יהודה,https://he.wikipedia.org/wiki/%D7%A2%D7%9E%D7%99%D7%A2%D7%95%D7%96,https://data.gov.il/he/datasets/lamas/localities-in-israel/d47a54ff-87f0-44b3-b33a-f284c0c38e5a,https://www.wikidata.org/wiki/Q2888841,cross_source_checked_no_independent_speaker_review
hebrew_cbs,Q2888897-CBS-subdistrict-61,Q2888897,יכיני,יָכִינִי,אשקלון,אשקלון,באר שבע,שפלת יכיני,שפלת יזרעאל,False,False,False,False,שפלת יכיני,שפלת יזרעאל,https://he.wikipedia.org/wiki/%D7%99%D7%9B%D7%99%D7%A0%D7%99,https://data.gov.il/he/datasets/lamas/localities-in-israel/d47a54ff-87f0-44b3-b33a-f284c0c38e5a,https://www.wikidata.org/wiki/Q2888897,cross_source_checked_no_independent_speaker_review
hebrew_cbs,Q2889072-CBS-subdistrict-62,Q2889072,אשל הנשיא,אֵשֶׁל הַנָּשִׂיא,באר שבע,באר שבע,אשקלון,שפלת יזרעאל,שפריר,False,False,False,False,שפלת יזרעאל,שפריר,https://he.wikipedia.org/wiki/%D7%90%D7%A9%D7%9C%20%D7%94%D7%A0%D7%A9%D7%99%D7%90,https://data.gov.il/he/datasets/lamas/localities-in-israel/d47a54ff-87f0-44b3-b33a-f284c0c38e5a,https://www.wikidata.org/wiki/Q2889072,cross_source_checked_no_independent_speaker_review
hebrew_cbs,Q2889122-CBS-subdistrict-62,Q2889122,"פעמי תש""ז","פַּעֲמֵי תָּשָׁ""ז",באר שבע,באר שבע,אשקלון,שפלת יזרעאל,שדה דומינגו,False,False,False,False,שפלת יזרעאל,שדה דומינגו,https://he.wikipedia.org/wiki/%D7%A4%D7%A2%D7%9E%D7%99%20%D7%AA%D7%A9%22%D7%96,https://data.gov.il/he/datasets/lamas/localities-in-israel/d47a54ff-87f0-44b3-b33a-f284c0c38e5a,https://www.wikidata.org/wiki/Q2889122,cross_source_checked_no_independent_speaker_review
hebrew_cbs,Q2889225-CBS-subdistrict-22,Q2889225,האון,הָאוֹן,כנרת,כנרת,צפת,שפלת יזרעאל,שדה אלון,False,False,False,False,שפלת יזרעאל,שדה אלון,https://he.wikipedia.org/wiki/%D7%94%D7%90%D7%95%D7%9F,https://data.gov.il/he/datasets/lamas/localities-in-israel/d47a54ff-87f0-44b3-b33a-f284c0c38e5a,https://www.wikidata.org/wiki/Q2889225,cross_source_checked_no_independent_speaker_review
hebrew_cbs,Q2889270-CBS-subdistrict-31,Q2889270,אבטין,אִבְּטִין,חיפה,חיפה,חדרה,"חי""ש",שדה יוסף,False,False,False,False,"חי""ש",שדה יוסף,https://he.wikipedia.org/wiki/%D7%90%D7%91%D7%98%D7%99%D7%9F,https://data.gov.il/he/datasets/lamas/localities-in-israel/d47a54ff-87f0-44b3-b33a-f284c0c38e5a,https://www.wikidata.org/wiki/Q2889270,cross_source_checked_no_independent_speaker_review
hebrew_cbs,Q2889278-CBS-subdistrict-61,Q2889278,אבן שמואל,אֶבֶן שְׁמוּאֵל,אשקלון,אשקלון,באר שבע,מרכז,שפלת יזרעאל,False,False,False,False,מרכז,שפלת יזרעאל,https://he.wikipedia.org/wiki/%D7%90%D7%91%D7%9F%20%D7%A9%D7%9E%D7%95%D7%90%D7%9C,https://data.gov.il/he/datasets/lamas/localities-in-israel/d47a54ff-87f0-44b3-b33a-f284c0c38e5a,https://www.wikidata.org/wiki/Q2889278,cross_source_checked_no_independent_speaker_review
hebrew_cbs,Q2889308-CBS-subdistrict-11,Q2889308,אביעזר,אֲבִיעֶזֶר,ירושלים,ירושלים,תל אביב,שפלת יהודה,שדה יוסף,False,False,False,False,שפלת יהודה,שדה יוסף,https://he.wikipedia.org/wiki/%D7%90%D7%91%D7%99%D7%A2%D7%96%D7%A8,https://data.gov.il/he/datasets/lamas/localities-in-israel/d47a54ff-87f0-44b3-b33a-f284c0c38e5a,https://www.wikidata.org/wiki/Q2889308,cross_source_checked_no_independent_speaker_review
hebrew_cbs,Q2889332-CBS-subdistrict-24,Q2889332,בצת,בֶּצֶת,עכו,עכו,צפת,שפלת יזרעאל,שפלת יזרעאל,False,False,False,False,שפלת יזרעאל,שפלת יזרעאל,https://he.wikipedia.org/wiki/%D7%91%D7%A6%D7%AA,https://data.gov.il/he/datasets/lamas/localities-in-israel/d47a54ff-87f0-44b3-b33a-f284c0c38e5a,https://www.wikidata.org/wiki/Q2889332,cross_source_checked_no_independent_speaker_review
hebrew_cbs,Q2889340-CBS-subdistrict-24,Q2889340,אבן מנחם,אֶבֶן מְנַחֵם,עכו,עכו,צפת,שדות המדבר,שדה ורבין,False,False,False,False,שדות המדבר,שדה ורבין,https://he.wikipedia.org/wiki/%D7%90%D7%91%D7%9F%20%D7%9E%D7%A0%D7%97%D7%9D,https://data.gov.il/he/datasets/lamas/localities-in-israel/d47a54ff-87f0-44b3-b33a-f284c0c38e5a,https://www.wikidata.org/wiki/Q2889340,cross_source_checked_no_independent_speaker_review
hebrew_cbs,Q2889350-CBS-subdistrict-23,Q2889350,אביטל,אֲבִיטַל,יזרעאל,יזרעאל,כנרת,מרדכי,"חי""ש",False,False,False,False,מרדכי,"חי""ש",https://he.wikipedia.org/wiki/%D7%90%D7%91%D7%99%D7%98%D7%9C,https://data.gov.il/he/datasets/lamas/localities-in-israel/d47a54ff-87f0-44b3-b33a-f284c0c38e5a,https://www.wikidata.org/wiki/Q2889350,cross_source_checked_no_independent_speaker_review
hebrew_cbs,Q2889421-CBS-subdistrict-62,Q2889421,סעד,סַעַד,באר שבע,באר שבע,אשקלון,"חי""ש",חברון,False,False,False,False,"חי""ש",חברון,https://he.wikipedia.org/wiki/%D7%A1%D7%A2%D7%93,https://data.gov.il/he/datasets/lamas/localities-in-israel/d47a54ff-87f0-44b3-b33a-f284c0c38e5a,https://www.wikidata.org/wiki/Q2889421,cross_source_checked_no_independent_speaker_review
hebrew_cbs,Q2889493-CBS-subdistrict-21,Q2889493,אביבים,אֲבִיבִים,צפת,צפת,עכו,שפלת יזרעאל,שפלת יזרעאל,False,False,False,False,שפלת יזרעאל,שפלת יזרעאל,https://he.wikipedia.org/wiki/%D7%90%D7%91%D7%99%D7%91%D7%99%D7%9D,https://data.gov.il/he/datasets/lamas/localities-in-israel/d47a54ff-87f0-44b3-b33a-f284c0c38e5a,https://www.wikidata.org/wiki/Q2889493,cross_source_checked_no_independent_speaker_review
hebrew_cbs,Q2889548-CBS-subdistrict-31,Q2889548,אושה,אוּשָׁה,חיפה,חיפה,חדרה,שדה,שדה אלון,False,False,False,False,שדה,שדה אלון,https://he.wikipedia.org/wiki/%D7%90%D7%95%D7%A9%D7%94,https://data.gov.il/he/datasets/lamas/localities-in-israel/d47a54ff-87f0-44b3-b33a-f284c0c38e5a,https://www.wikidata.org/wiki/Q2889548,cross_source_checked_no_independent_speaker_review
hebrew_cbs,Q2889666-CBS-subdistrict-62,Q2889666,שובה,שׁוּבָה,באר שבע,באר שבע,אשקלון,מחוז חרב,שפלת יזרעאל,False,False,False,False,מחוז חרב,שפלת יזרעאל,https://he.wikipedia.org/wiki/%D7%A9%D7%95%D7%91%D7%94,https://data.gov.il/he/datasets/lamas/localities-in-israel/d47a54ff-87f0-44b3-b33a-f284c0c38e5a,https://www.wikidata.org/wiki/Q2889666,cross_source_checked_no_independent_speaker_review
hebrew_cbs,Q2889725-CBS-subdistrict-43,Q2889725,עזריה,עֲזַרְיָה,רמלה,רמלה,השרון,שדה יוסף,שער הנגב,False,False,False,False,שדה יוסף,שער הנגב,https://he.wikipedia.org/wiki/%D7%A2%D7%96%D7%A8%D7%99%D7%94,https://data.gov.il/he/datasets/lamas/localities-in-israel/d47a54ff-87f0-44b3-b33a-f284c0c38e5a,https://www.wikidata.org/wiki/Q2889725,cross_source_checked_no_independent_speaker_review
hebrew_cbs,Q2889745-CBS-subdistrict-21,Q2889745,גדות,גָּדוֹת,צפת,צפת,עכו,חולון,שדה דומינגו,False,False,False,False,חולון,שדה דומינגו,https://he.wikipedia.org/wiki/%D7%92%D7%93%D7%95%D7%AA,https://data.gov.il/he/datasets/lamas/localities-in-israel/d47a54ff-87f0-44b3-b33a-f284c0c38e5a,https://www.wikidata.org/wiki/Q2889745,cross_source_checked_no_independent_speaker_review
hebrew_cbs,Q2889772-CBS-subdistrict-11,Q2889772,צובה,צוֹבָה,ירושלים,ירושלים,תל אביב,שפלת יזרעאל,שפלת יזרעאל,False,False,False,False,שפלת יזרעאל,שפלת יזרעאל,https://he.wikipedia.org/wiki/%D7%A6%D7%95%D7%91%D7%94,https://data.gov.il/he/datasets/lamas/localities-in-israel/d47a54ff-87f0-44b3-b33a-f284c0c38e5a,https://www.wikidata.org/wiki/Q2889772,cross_source_checked_no_independent_speaker_review
hebrew_cbs,Q2889811-CBS-subdistrict-22,Q2889811,רביד,רָבִיד,כנרת,כנרת,צפת,שדה אלון,שפלת יפו-מצפון,False,False,False,False,שדה אלון,שפלת יפו-מצפון,https://he.wikipedia.org/wiki/%D7%A8%D7%91%D7%99%D7%93,https://data.gov.il/he/datasets/lamas/localities-in-israel/d47a54ff-87f0-44b3-b33a-f284c0c38e5a,https://www.wikidata.org/wiki/Q2889811,cross_source_checked_no_independent_speaker_review
hebrew_cbs,Q2889854-CBS-subdistrict-11,Q2889854,ישעי,יִשְעִי,ירושלים,ירושלים,תל אביב,שפלת ישעי,שפלת יזרעאל,False,False,False,False,שפלת ישעי,שפלת יזרעאל,https://he.wikipedia.org/wiki/%D7%99%D7%A9%D7%A2%D7%99,https://data.gov.il/he/datasets/lamas/localities-in-israel/d47a54ff-87f0-44b3-b33a-f284c0c38e5a,https://www.wikidata.org/wiki/Q2889854,cross_source_checked_no_independent_speaker_review
hebrew_cbs,Q2889938-CBS-subdistrict-41,Q2889938,אביחיל,אֲבִיחַיל,השרון,השרון,רמלה,שפלת יזרעאל,שפריר,False,False,False,False,שפלת יזרעאל,שפריר,https://he.wikipedia.org/wiki/%D7%90%D7%91%D7%99%D7%97%D7%99%D7%9C,https://data.gov.il/he/datasets/lamas/localities-in-israel/d47a54ff-87f0-44b3-b33a-f284c0c38e5a,https://www.wikidata.org/wiki/Q2889938,cross_source_checked_no_independent_speaker_review
hebrew_cbs,Q2889963-CBS-subdistrict-32,Q2889963,להבות חביבה,לַהֲבוֹת חֲבִיבָה,חדרה,חדרה,חיפה,שדה אלון,שדה דומינגו,False,False,False,False,שדה אלון,שדה דומינגו,https://he.wikipedia.org/wiki/%D7%9C%D7%94%D7%91%D7%95%D7%AA%20%D7%97%D7%91%D7%99%D7%91%D7%94,https://data.gov.il/he/datasets/lamas/localities-in-israel/d47a54ff-87f0-44b3-b33a-f284c0c38e5a,https://www.wikidata.org/wiki/Q2889963,cross_source_checked_no_independent_speaker_review
hebrew_cbs,Q2889969-CBS-subdistrict-41,Q2889969,עין החורש,עֵין הַחוֹרֵשׁ,השרון,השרון,רמלה,מרמורק,מרדכי,False,False,False,False,מרמורק,מרדכי,https://he.wikipedia.org/wiki/%D7%A2%D7%99%D7%9F%20%D7%94%D7%97%D7%95%D7%A8%D7%A9,https://data.gov.il/he/datasets/lamas/localities-in-israel/d47a54ff-87f0-44b3-b33a-f284c0c38e5a,https://www.wikidata.org/wiki/Q2889969,cross_source_checked_no_independent_speaker_review
hebrew_cbs,Q2890180-CBS-subdistrict-61,Q2890180,כפר עזה,כְּפַר עַזָּה,אשקלון,אשקלון,באר שבע,שער הנגב,שער הנגב,False,False,False,False,שער הנגב,שער הנגב,https://he.wikipedia.org/wiki/%D7%9B%D7%A4%D7%A8%20%D7%A2%D7%96%D7%94,https://data.gov.il/he/datasets/lamas/localities-in-israel/d47a54ff-87f0-44b3-b33a-f284c0c38e5a,https://www.wikidata.org/wiki/Q2890180,cross_source_checked_no_independent_speaker_review
hebrew_cbs,Q2890184-CBS-subdistrict-24,Q2890184,כסרא-סמיע,כִּסְרַא-סֻמֵיעְ,עכו,עכו,צפת,"חי""ש",חברון,False,False,False,False,"חי""ש",חברון,https://he.wikipedia.org/wiki/%D7%9B%D7%A1%D7%A8%D7%90-%D7%A1%D7%9E%D7%99%D7%A2,https://data.gov.il/he/datasets/lamas/localities-in-israel/d47a54ff-87f0-44b3-b33a-f284c0c38e5a,https://www.wikidata.org/wiki/Q2890184,cross_source_checked_no_independent_speaker_review
hebrew_cbs,Q2890199-CBS-subdistrict-44,Q2890199,כפר הנגיד,כְּפַר הַנָּגיד,רחובות,רחובות,השרון,שפלת עזה,שדה יוסף,False,False,False,False,שפלת עזה,שדה יוסף,https://he.wikipedia.org/wiki/%D7%9B%D7%A4%D7%A8%20%D7%94%D7%A0%D7%92%D7%99%D7%93,https://data.gov.il/he/datasets/lamas/localities-in-israel/d47a54ff-87f0-44b3-b33a-f284c0c38e5a,https://www.wikidata.org/wiki/Q2890199,cross_source_checked_no_independent_speaker_review
hebrew_cbs,Q2890277-CBS-subdistrict-32,Q2890277,ברקאי,בַּרְקַאי,חדרה,חדרה,חיפה,שפלת יזרעאל,שפלת יזרעאל,False,False,False,False,שפלת יזרעאל,שפלת יזרעאל,https://he.wikipedia.org/wiki/%D7%91%D7%A8%D7%A7%D7%90%D7%99,https://data.gov.il/he/datasets/lamas/localities-in-israel/d47a54ff-87f0-44b3-b33a-f284c0c38e5a,https://www.wikidata.org/wiki/Q2890277,cross_source_checked_no_independent_speaker_review
hebrew_cbs,Q2890322-CBS-subdistrict-44,Q2890322,כפר אביב,כְּפַר אָבִיב,רחובות,רחובות,השרון,"חי""ש",מְחַיָּבִים,False,False,False,False,"חי""ש",מחיבים,https://he.wikipedia.org/wiki/%D7%9B%D7%A4%D7%A8%20%D7%90%D7%91%D7%99%D7%91,https://data.gov.il/he/datasets/lamas/localities-in-israel/d47a54ff-87f0-44b3-b33a-f284c0c38e5a,https://www.wikidata.org/wiki/Q2890322,cross_source_checked_no_independent_speaker_review
hebrew_cbs,Q2890367-CBS-subdistrict-41,Q2890367,בת חפר,בַּת חֵפֶר,השרון,השרון,רמלה,שפלת יזרעאל,שדה יוסף,False,False,False,False,שפלת יזרעאל,שדה יוסף,https://he.wikipedia.org/wiki/%D7%91%D7%AA%20%D7%97%D7%A4%D7%A8,https://data.gov.il/he/datasets/lamas/localities-in-israel/d47a54ff-87f0-44b3-b33a-f284c0c38e5a,https://www.wikidata.org/wiki/Q2890367,cross_source_checked_no_independent_speaker_review
hebrew_cbs,Q2890382-CBS-subdistrict-44,Q2890382,נטעים,נְטָעִים,רחובות,רחובות,השרון,שער הנגב,שפלת עזה,False,False,False,False,שער הנגב,שפלת עזה,https://he.wikipedia.org/wiki/%D7%A0%D7%98%D7%A2%D7%99%D7%9D,https://data.gov.il/he/datasets/lamas/localities-in-israel/d47a54ff-87f0-44b3-b33a-f284c0c38e5a,https://www.wikidata.org/wiki/Q2890382,cross_source_checked_no_independent_speaker_review
hebrew_cbs,Q2890389-CBS-subdistrict-61,Q2890389,שקף,שֶׁקֶף,אשקלון,אשקלון,באר שבע,שפלת יזרעאל,שפ,False,False,False,False,שפלת יזרעאל,שפ,https://he.wikipedia.org/wiki/%D7%A9%D7%A7%D7%A3,https://data.gov.il/he/datasets/lamas/localities-in-israel/d47a54ff-87f0-44b3-b33a-f284c0c38e5a,https://www.wikidata.org/wiki/Q2890389,cross_source_checked_no_independent_speaker_review
hebrew_cbs,Q2890461-CBS-subdistrict-42,Q2890461,גני עם,גַּנֵּי עַם,פתח תקווה,פתח תקווה,רחובות,שפלת יזרעאל,שדה,False,False,False,False,שפלת יזרעאל,שדה,https://he.wikipedia.org/wiki/%D7%92%D7%A0%D7%99%20%D7%A2%D7%9D,https://data.gov.il/he/datasets/lamas/localities-in-israel/d47a54ff-87f0-44b3-b33a-f284c0c38e5a,https://www.wikidata.org/wiki/Q2890461,cross_source_checked_no_independent_speaker_review
hebrew_cbs,Q2890467-CBS-subdistrict-31,Q2890467,נופית,נוֹפִית,חיפה,חיפה,חדרה,חיפה,"חי""ש",True,False,True,False,חיפה,"חי""ש",https://he.wikipedia.org/wiki/%D7%A0%D7%95%D7%A4%D7%99%D7%AA,https://data.gov.il/he/datasets/lamas/localities-in-israel/d47a54ff-87f0-44b3-b33a-f284c0c38e5a,https://www.wikidata.org/wiki/Q2890467,cross_source_checked_no_independent_speaker_review
hebrew_cbs,Q2890485-CBS-subdistrict-44,Q2890485,גני יוחנן,גַּנֵּי יוֹחָנָן,רחובות,רחובות,השרון,"חי""ש",שפלת יזרעאל,False,False,False,False,"חי""ש",שפלת יזרעאל,https://he.wikipedia.org/wiki/%D7%92%D7%A0%D7%99%20%D7%99%D7%95%D7%97%D7%A0%D7%9F,https://data.gov.il/he/datasets/lamas/localities-in-israel/d47a54ff-87f0-44b3-b33a-f284c0c38e5a,https://www.wikidata.org/wiki/Q2890485,cross_source_checked_no_independent_speaker_review
hebrew_cbs,Q2890836-CBS-subdistrict-31,Q2890836,עספיא,עִספִיַא,חיפה,חיפה,חדרה,מרדכי,שדה יוסף,False,False,False,False,מרדכי,שדה יוסף,https://he.wikipedia.org/wiki/%D7%A2%D7%A1%D7%A4%D7%99%D7%90,https://data.gov.il/he/datasets/lamas/localities-in-israel/d47a54ff-87f0-44b3-b33a-f284c0c38e5a,https://www.wikidata.org/wiki/Q2890836,cross_source_checked_no_independent_speaker_review
hebrew_cbs,Q2890894-CBS-subdistrict-62,Q2890894,עין הבשור,עֵין הַבְּשׂוֹר,באר שבע,באר שבע,אשקלון,חוֹלִי,שפלת יזרעאל,False,False,False,False,חולי,שפלת יזרעאל,https://he.wikipedia.org/wiki/%D7%A2%D7%99%D7%9F%20%D7%94%D7%91%D7%A9%D7%95%D7%A8,https://data.gov.il/he/datasets/lamas/localities-in-israel/d47a54ff-87f0-44b3-b33a-f284c0c38e5a,https://www.wikidata.org/wiki/Q2890894,cross_source_checked_no_independent_speaker_review
hebrew_cbs,Q2890909-CBS-subdistrict-24,Q2890909,בענה,בֶּ֫עְנֶה,עכו,עכו,צפת,חולון,שפריר,False,False,False,False,חולון,שפריר,https://he.wikipedia.org/wiki/%D7%91%D7%A2%D7%A0%D7%94,https://data.gov.il/he/datasets/lamas/localities-in-israel/d47a54ff-87f0-44b3-b33a-f284c0c38e5a,https://www.wikidata.org/wiki/Q2890909,cross_source_checked_no_independent_speaker_review
hebrew_cbs,Q2891272-CBS-subdistrict-23,Q2891272,היוגב,הַיּוֹגֵב,יזרעאל,יזרעאל,כנרת,שדות,שפלת יזרעאל,False,False,False,False,שדות,שפלת יזרעאל,https://he.wikipedia.org/wiki/%D7%94%D7%99%D7%95%D7%92%D7%91,https://data.gov.il/he/datasets/lamas/localities-in-israel/d47a54ff-87f0-44b3-b33a-f284c0c38e5a,https://www.wikidata.org/wiki/Q2891272,cross_source_checked_no_independent_speaker_review
hebrew_cbs,Q2891278-CBS-subdistrict-61,Q2891278,ניר עם,נִיר עַם,אשקלון,אשקלון,באר שבע,שפלת יזרעאל,שדה ורבין,False,False,False,False,שפלת יזרעאל,שדה ורבין,https://he.wikipedia.org/wiki/%D7%A0%D7%99%D7%A8%20%D7%A2%D7%9D,https://data.gov.il/he/datasets/lamas/localities-in-israel/d47a54ff-87f0-44b3-b33a-f284c0c38e5a,https://www.wikidata.org/wiki/Q2891278,cross_source_checked_no_independent_speaker_review
hebrew_cbs,Q2900566-CBS-subdistrict-41,Q2900566,בית יהושע,בֵּית יְהוֹשֻׁעַ,השרון,השרון,רמלה,שפלת יזרעאל,שדה יוסף,False,False,False,False,שפלת יזרעאל,שדה יוסף,https://he.wikipedia.org/wiki/%D7%91%D7%99%D7%AA%20%D7%99%D7%94%D7%95%D7%A9%D7%A2,https://data.gov.il/he/datasets/lamas/localities-in-israel/d47a54ff-87f0-44b3-b33a-f284c0c38e5a,https://www.wikidata.org/wiki/Q2900566,cross_source_checked_no_independent_speaker_review
hebrew_cbs,Q2910412-CBS-subdistrict-21,Q2910412,עמיעד,עַמִּיעַד,צפת,צפת,עכו,"חי""ש",שפלת יזרעאל,False,False,False,False,"חי""ש",שפלת יזרעאל,https://he.wikipedia.org/wiki/%D7%A2%D7%9E%D7%99%D7%A2%D7%93,https://data.gov.il/he/datasets/lamas/localities-in-israel/d47a54ff-87f0-44b3-b33a-f284c0c38e5a,https://www.wikidata.org/wiki/Q2910412,cross_source_checked_no_independent_speaker_review
hebrew_cbs,Q2915526-CBS-subdistrict-23,Q2915526,אכסאל,אִכְּסָאל,יזרעאל,יזרעאל,כנרת,שדה אלון,שדה דומינגו,False,False,False,False,שדה אלון,שדה דומינגו,https://he.wikipedia.org/wiki/%D7%90%D7%9B%D7%A1%D7%90%D7%9C,https://data.gov.il/he/datasets/lamas/localities-in-israel/d47a54ff-87f0-44b3-b33a-f284c0c38e5a,https://www.wikidata.org/wiki/Q2915526,cross_source_checked_no_independent_speaker_review
hebrew_cbs,Q2915655-CBS-subdistrict-42,Q2915655,ג'לג'וליה,גַ'לְג'וּלְיָה,פתח תקווה,פתח תקווה,רחובות,חיפה,שדה יוסף,False,False,False,False,חיפה,שדה יוסף,https://he.wikipedia.org/wiki/%D7%92%27%D7%9C%D7%92%27%D7%95%D7%9C%D7%99%D7%94,https://data.gov.il/he/datasets/lamas/localities-in-israel/d47a54ff-87f0-44b3-b33a-f284c0c38e5a,https://www.wikidata.org/wiki/Q2915655,cross_source_checked_no_independent_speaker_review
hebrew_cbs,Q2915658-CBS-subdistrict-42,Q2915658,כפר ברא,כַּפְר בַּרַא,פתח תקווה,פתח תקווה,רחובות,שפלת יזרעאל,"חי""ש",False,False,False,False,שפלת יזרעאל,"חי""ש",https://he.wikipedia.org/wiki/%D7%9B%D7%A4%D7%A8%20%D7%91%D7%A8%D7%90,https://data.gov.il/he/datasets/lamas/localities-in-israel/d47a54ff-87f0-44b3-b33a-f284c0c38e5a,https://www.wikidata.org/wiki/Q2915658,cross_source_checked_no_independent_speaker_review
hebrew_cbs,Q2915760-CBS-subdistrict-41,Q2915760,אבן יהודה,אֶבֶן יְהוּדָה,השרון,השרון,רמלה,מרכז יהודה,שדה יהודה,False,False,False,False,מרכז יהודה,שדה יהודה,https://he.wikipedia.org/wiki/%D7%90%D7%91%D7%9F%20%D7%99%D7%94%D7%95%D7%93%D7%94,https://data.gov.il/he/datasets/lamas/localities-in-israel/d47a54ff-87f0-44b3-b33a-f284c0c38e5a,https://www.wikidata.org/wiki/Q2915760,cross_source_checked_no_independent_speaker_review
hebrew_cbs,Q2916378-CBS-subdistrict-11,Q2916378,קריית ענבים,קִרְיַית עֲנָבִים,ירושלים,ירושלים,תל אביב,שדה,שפלת יפו-מפתח,False,False,False,False,שדה,שפלת יפו-מפתח,https://he.wikipedia.org/wiki/%D7%A7%D7%A8%D7%99%D7%99%D7%AA%20%D7%A2%D7%A0%D7%91%D7%99%D7%9D,https://data.gov.il/he/datasets/lamas/localities-in-israel/d47a54ff-87f0-44b3-b33a-f284c0c38e5a,https://www.wikidata.org/wiki/Q2916378,cross_source_checked_no_independent_speaker_review
hebrew_cbs,Q2916529-CBS-subdistrict-41,Q2916529,תל יצחק,תֵּל יִצְחָק,השרון,השרון,רמלה,שפלת יזרעאל,שדה דומינגו,False,False,False,False,שפלת יזרעאל,שדה דומינגו,https://he.wikipedia.org/wiki/%D7%AA%D7%9C%20%D7%99%D7%A6%D7%97%D7%A7,https://data.gov.il/he/datasets/lamas/localities-in-israel/d47a54ff-87f0-44b3-b33a-f284c0c38e5a,https://www.wikidata.org/wiki/Q2916529,cross_source_checked_no_independent_speaker_review
hebrew_cbs,Q2916531-CBS-subdistrict-41,Q2916531,חרוצים,חָרוּצִים,השרון,השרון,רמלה,מרמורק,חיפה,False,False,False,False,מרמורק,חיפה,https://he.wikipedia.org/wiki/%D7%97%D7%A8%D7%95%D7%A6%D7%99%D7%9D,https://data.gov.il/he/datasets/lamas/localities-in-israel/d47a54ff-87f0-44b3-b33a-f284c0c38e5a,https://www.wikidata.org/wiki/Q2916531,cross_source_checked_no_independent_speaker_review
hebrew_cbs,Q2916536-CBS-subdistrict-62,Q2916536,גרופית,גְּרוֹפִית,באר שבע,באר שבע,אשקלון,חולון,שפלת יפו-מפתח,False,False,False,False,חולון,שפלת יפו-מפתח,https://he.wikipedia.org/wiki/%D7%92%D7%A8%D7%95%D7%A4%D7%99%D7%AA,https://data.gov.il/he/datasets/lamas/localities-in-israel/d47a54ff-87f0-44b3-b33a-f284c0c38e5a,https://www.wikidata.org/wiki/Q2916536,cross_source_checked_no_independent_speaker_review
hebrew_cbs,Q2916599-CBS-subdistrict-32,Q2916599,באקה אל-גרביה,בָּאקַה אל-גַֿרְבִּיָּה,חדרה,חדרה,חיפה,חיפה,ח'אן יונס,False,False,False,False,חיפה,ח'אן יונס,https://he.wikipedia.org/wiki/%D7%91%D7%90%D7%A7%D7%94%20%D7%90%D7%9C-%D7%92%D7%A8%D7%91%D7%99%D7%99%D7%94,https://data.gov.il/he/datasets/lamas/localities-in-israel/d47a54ff-87f0-44b3-b33a-f284c0c38e5a,https://www.wikidata.org/wiki/Q2916599,cross_source_checked_no_independent_speaker_review
hebrew_cbs,Q2916661-CBS-subdistrict-22,Q2916661,תל קציר,תֵּל קָצִיר,כנרת,כנרת,צפת,שדה אלון,שדה דומינגו,False,False,False,False,שדה אלון,שדה דומינגו,https://he.wikipedia.org/wiki/%D7%AA%D7%9C%20%D7%A7%D7%A6%D7%99%D7%A8,https://data.gov.il/he/datasets/lamas/localities-in-israel/d47a54ff-87f0-44b3-b33a-f284c0c38e5a,https://www.wikidata.org/wiki/Q2916661,cross_source_checked_no_independent_speaker_review
hebrew_cbs,Q2916751-CBS-subdistrict-23,Q2916751,דברת,דׇּבְרַת,יזרעאל,יזרעאל,כנרת,שדה,שדה,False,False,False,False,שדה,שדה,https://he.wikipedia.org/wiki/%D7%93%D7%91%D7%A8%D7%AA,https://data.gov.il/he/datasets/lamas/localities-in-israel/d47a54ff-87f0-44b3-b33a-f284c0c38e5a,https://www.wikidata.org/wiki/Q2916751,cross_source_checked_no_independent_speaker_review
hebrew_cbs,Q2916868-CBS-subdistrict-21,Q2916868,מרגליות,מַרְגָּלִיּוֹת,צפת,צפת,עכו,שפלת יזרעאל,מרגליות נמצאת בנפה מרכז.,False,False,False,False,שפלת יזרעאל,מרגליות נמצאת בנפה מרכז,https://he.wikipedia.org/wiki/%D7%9E%D7%A8%D7%92%D7%9C%D7%99%D7%95%D7%AA,https://data.gov.il/he/datasets/lamas/localities-in-israel/d47a54ff-87f0-44b3-b33a-f284c0c38e5a,https://www.wikidata.org/wiki/Q2916868,cross_source_checked_no_independent_speaker_review
hebrew_cbs,Q2917263-CBS-subdistrict-61,Q2917263,בית עזרא,בֵּית עֶזְרָא,אשקלון,אשקלון,באר שבע,שפלת יזרעאל,שפלת יזרעאל,False,False,False,False,שפלת יזרעאל,שפלת יזרעאל,https://he.wikipedia.org/wiki/%D7%91%D7%99%D7%AA%20%D7%A2%D7%96%D7%A8%D7%90,https://data.gov.il/he/datasets/lamas/localities-in-israel/d47a54ff-87f0-44b3-b33a-f284c0c38e5a,https://www.wikidata.org/wiki/Q2917263,cross_source_checked_no_independent_speaker_review
hebrew_cbs,Q2917278-CBS-subdistrict-32,Q2917278,מעלה עירון,מַעֲלֵה עִירוֹן,חדרה,חדרה,חיפה,מעלה יוזנטיל,מַעֲלֵה עִירוֹן נמצא בנפה מרכז.,False,False,False,False,מעלה יוזנטיל,מעלה עירון נמצא בנפה מרכז,https://he.wikipedia.org/wiki/%D7%9E%D7%A2%D7%9C%D7%94%20%D7%A2%D7%99%D7%A8%D7%95%D7%9F,https://data.gov.il/he/datasets/lamas/localities-in-israel/d47a54ff-87f0-44b3-b33a-f284c0c38e5a,https://www.wikidata.org/wiki/Q2917278,cross_source_checked_no_independent_speaker_review
hebrew_cbs,Q2917286-CBS-subdistrict-23,Q2917286,תל יוסף,תֵּל יוֹסֵף,יזרעאל,יזרעאל,כנרת,מרמורק,שדה יוסף,False,False,False,False,מרמורק,שדה יוסף,https://he.wikipedia.org/wiki/%D7%AA%D7%9C%20%D7%99%D7%95%D7%A1%D7%A3,https://data.gov.il/he/datasets/lamas/localities-in-israel/d47a54ff-87f0-44b3-b33a-f284c0c38e5a,https://www.wikidata.org/wiki/Q2917286,cross_source_checked_no_independent_speaker_review
hebrew_cbs,Q2917993-CBS-subdistrict-42,Q2917993,שדי חמד,שְׂדֵי חֶמֶד,פתח תקווה,פתח תקווה,רחובות,שדה דומינגו,שדה חון,False,False,False,False,שדה דומינגו,שדה חון,https://he.wikipedia.org/wiki/%D7%A9%D7%93%D7%99%20%D7%97%D7%9E%D7%93,https://data.gov.il/he/datasets/lamas/localities-in-israel/d47a54ff-87f0-44b3-b33a-f284c0c38e5a,https://www.wikidata.org/wiki/Q2917993,cross_source_checked_no_independent_speaker_review
hebrew_cbs,Q2918393-CBS-subdistrict-32,Q2918393,מגדים,מְגָדִים,חדרה,חדרה,חיפה,שער הנגב,שפלת יפו-מצפון,False,False,False,False,שער הנגב,שפלת יפו-מצפון,https://he.wikipedia.org/wiki/%D7%9E%D7%92%D7%93%D7%99%D7%9D,https://data.gov.il/he/datasets/lamas/localities-in-israel/d47a54ff-87f0-44b3-b33a-f284c0c38e5a,https://www.wikidata.org/wiki/Q2918393,cross_source_checked_no_independent_speaker_review
hebrew_cbs,Q2919827-CBS-subdistrict-11,Q2919827,צפרירים,צַפְרִירִים,ירושלים,ירושלים,תל אביב,שדה אלון,שפלת יפו-מצפון,False,False,False,False,שדה אלון,שפלת יפו-מצפון,https://he.wikipedia.org/wiki/%D7%A6%D7%A4%D7%A8%D7%99%D7%A8%D7%99%D7%9D,https://data.gov.il/he/datasets/lamas/localities-in-israel/d47a54ff-87f0-44b3-b33a-f284c0c38e5a,https://www.wikidata.org/wiki/Q2919827,cross_source_checked_no_independent_speaker_review
hebrew_cbs,Q2919844-CBS-subdistrict-43,Q2919844,בית עוזיאל,בֵּית עוּזִיאֵל,רמלה,רמלה,השרון,שער הנגב,מרדכי,False,False,False,False,שער הנגב,מרדכי,https://he.wikipedia.org/wiki/%D7%91%D7%99%D7%AA%20%D7%A2%D7%95%D7%96%D7%99%D7%90%D7%9C,https://data.gov.il/he/datasets/lamas/localities-in-israel/d47a54ff-87f0-44b3-b33a-f284c0c38e5a,https://www.wikidata.org/wiki/Q2919844,cross_source_checked_no_independent_speaker_review
hebrew_cbs,Q2919851-CBS-subdistrict-11,Q2919851,שדות מיכה,שְׂדוֹת מִיכָה,ירושלים,ירושלים,תל אביב,שדה מרום,שפלת יזרעאל,False,False,False,False,שדה מרום,שפלת יזרעאל,https://he.wikipedia.org/wiki/%D7%A9%D7%93%D7%95%D7%AA%20%D7%9E%D7%99%D7%9B%D7%94,https://data.gov.il/he/datasets/lamas/localities-in-israel/d47a54ff-87f0-44b3-b33a-f284c0c38e5a,https://www.wikidata.org/wiki/Q2919851,cross_source_checked_no_independent_speaker_review
hebrew_cbs,Q2919868-CBS-subdistrict-44,Q2919868,משגב דב,מִשְׂגַּב דֹּב,רחובות,רחובות,השרון,שפלת עזה,שפלת יזרעאל,False,False,False,False,שפלת עזה,שפלת יזרעאל,https://he.wikipedia.org/wiki/%D7%9E%D7%A9%D7%92%D7%91%20%D7%93%D7%91,https://data.gov.il/he/datasets/lamas/localities-in-israel/d47a54ff-87f0-44b3-b33a-f284c0c38e5a,https://www.wikidata.org/wiki/Q2919868,cross_source_checked_no_independent_speaker_review
hebrew_cbs,Q2919874-CBS-subdistrict-43,Q2919874,גני הדר,גַנֵּי הָדָר,רמלה,רמלה,השרון,מרמורק,"חי""ש",False,False,False,False,מרמורק,"חי""ש",https://he.wikipedia.org/wiki/%D7%92%D7%A0%D7%99%20%D7%94%D7%93%D7%A8,https://data.gov.il/he/datasets/lamas/localities-in-israel/d47a54ff-87f0-44b3-b33a-f284c0c38e5a,https://www.wikidata.org/wiki/Q2919874,cross_source_checked_no_independent_speaker_review
hebrew_cbs,Q2919998-CBS-subdistrict-41,Q2919998,גן יאשיה,גַּן יֹאשִׁיָּה,השרון,השרון,רמלה,שפלת יהודה,הַצָּפִיאִים,False,False,False,False,שפלת יהודה,הצפיאים,https://he.wikipedia.org/wiki/%D7%92%D7%9F%20%D7%99%D7%90%D7%A9%D7%99%D7%94,https://data.gov.il/he/datasets/lamas/localities-in-israel/d47a54ff-87f0-44b3-b33a-f284c0c38e5a,https://www.wikidata.org/wiki/Q2919998,cross_source_checked_no_independent_speaker_review
hebrew_cbs,Q2920013-CBS-subdistrict-41,Q2920013,אודים,אוּדִים,השרון,השרון,רמלה,נפת רמלה-קטיף,שפלת יזרעאל,False,False,False,False,נפת רמלה-קטיף,שפלת יזרעאל,https://he.wikipedia.org/wiki/%D7%90%D7%95%D7%93%D7%99%D7%9D,https://data.gov.il/he/datasets/lamas/localities-in-israel/d47a54ff-87f0-44b3-b33a-f284c0c38e5a,https://www.wikidata.org/wiki/Q2920013,cross_source_checked_no_independent_speaker_review
hebrew_cbs,Q2920020-CBS-subdistrict-41,Q2920020,בית ינאי,בֵּית יַנַּאי,השרון,השרון,רמלה,"חי""ש",שפלת ירושלים,False,False,False,False,"חי""ש",שפלת ירושלים,https://he.wikipedia.org/wiki/%D7%91%D7%99%D7%AA%20%D7%99%D7%A0%D7%90%D7%99,https://data.gov.il/he/datasets/lamas/localities-in-israel/d47a54ff-87f0-44b3-b33a-f284c0c38e5a,https://www.wikidata.org/wiki/Q2920020,cross_source_checked_no_independent_speaker_review
hebrew_cbs,Q2920029-CBS-subdistrict-41,Q2920029,ביתן אהרן,בִּיתַן אַהֲרֹן,השרון,השרון,רמלה,שדה אלון,מרדכי,False,False,False,False,שדה אלון,מרדכי,https://he.wikipedia.org/wiki/%D7%91%D7%99%D7%AA%D7%9F%20%D7%90%D7%94%D7%A8%D7%9F,https://data.gov.il/he/datasets/lamas/localities-in-israel/d47a54ff-87f0-44b3-b33a-f284c0c38e5a,https://www.wikidata.org/wiki/Q2920029,cross_source_checked_no_independent_speaker_review
hebrew_cbs,Q2920033-CBS-subdistrict-41,Q2920033,אחיטוב,אֲחִיטוּב,השרון,השרון,רמלה,שער הנגב,מרכז,False,False,False,False,שער הנגב,מרכז,https://he.wikipedia.org/wiki/%D7%90%D7%97%D7%99%D7%98%D7%95%D7%91,https://data.gov.il/he/datasets/lamas/localities-in-israel/d47a54ff-87f0-44b3-b33a-f284c0c38e5a,https://www.wikidata.org/wiki/Q2920033,cross_source_checked_no_independent_speaker_review
hebrew_cbs,Q2920034-CBS-subdistrict-44,Q2920034,מישר,מֵישָׁר,רחובות,רחובות,השרון,שדה אלון,שדה,False,False,False,False,שדה אלון,שדה,https://he.wikipedia.org/wiki/%D7%9E%D7%99%D7%A9%D7%A8,https://data.gov.il/he/datasets/lamas/localities-in-israel/d47a54ff-87f0-44b3-b33a-f284c0c38e5a,https://www.wikidata.org/wiki/Q2920034,cross_source_checked_no_independent_speaker_review
hebrew_cbs,Q2920036-CBS-subdistrict-41,Q2920036,מכמורת,מִכְמוֹרֶת,השרון,השרון,רמלה,"חי""ש",מְחוֹנֶה,False,False,False,False,"חי""ש",מחונה,https://he.wikipedia.org/wiki/%D7%9E%D7%9B%D7%9E%D7%95%D7%A8%D7%AA,https://data.gov.il/he/datasets/lamas/localities-in-israel/d47a54ff-87f0-44b3-b33a-f284c0c38e5a,https://www.wikidata.org/wiki/Q2920036,cross_source_checked_no_independent_speaker_review
hebrew_cbs,Q2920041-CBS-subdistrict-11,Q2920041,תרום,תָּרוּם,ירושלים,ירושלים,תל אביב,שפלת יזרעאל,שפלת יזרעאל,False,False,False,False,שפלת יזרעאל,שפלת יזרעאל,https://he.wikipedia.org/wiki/%D7%AA%D7%A8%D7%95%D7%9D,https://data.gov.il/he/datasets/lamas/localities-in-israel/d47a54ff-87f0-44b3-b33a-f284c0c38e5a,https://www.wikidata.org/wiki/Q2920041,cross_source_checked_no_independent_speaker_review
hebrew_cbs,Q2920053-CBS-subdistrict-44,Q2920053,כפר מרדכי,כְּפַר מָרְדֳּכַי,רחובות,רחובות,השרון,שדה פורם,שדה דומינגו,False,False,False,False,שדה פורם,שדה דומינגו,https://he.wikipedia.org/wiki/%D7%9B%D7%A4%D7%A8%20%D7%9E%D7%A8%D7%93%D7%9B%D7%99,https://data.gov.il/he/datasets/lamas/localities-in-israel/d47a54ff-87f0-44b3-b33a-f284c0c38e5a,https://www.wikidata.org/wiki/Q2920053,cross_source_checked_no_independent_speaker_review
hebrew_cbs,Q2920057-CBS-subdistrict-43,Q2920057,משמר השבעה,מִשְׁמַר הַשִּׁבְעָה,רמלה,רמלה,השרון,שדה דומינגו,שדה דומינגו,False,False,False,False,שדה דומינגו,שדה דומינגו,https://he.wikipedia.org/wiki/%D7%9E%D7%A9%D7%9E%D7%A8%20%D7%94%D7%A9%D7%91%D7%A2%D7%94,https://data.gov.il/he/datasets/lamas/localities-in-israel/d47a54ff-87f0-44b3-b33a-f284c0c38e5a,https://www.wikidata.org/wiki/Q2920057,cross_source_checked_no_independent_speaker_review
hebrew_cbs,Q2920082-CBS-subdistrict-42,Q2920082,צור נתן,צוּר נָתָן,פתח תקווה,פתח תקווה,רחובות,שדה יוסף,שפלת יזרעאל,False,False,False,False,שדה יוסף,שפלת יזרעאל,https://he.wikipedia.org/wiki/%D7%A6%D7%95%D7%A8%20%D7%A0%D7%AA%D7%9F,https://data.gov.il/he/datasets/lamas/localities-in-israel/d47a54ff-87f0-44b3-b33a-f284c0c38e5a,https://www.wikidata.org/wiki/Q2920082,cross_source_checked_no_independent_speaker_review
hebrew_cbs,Q2920086-CBS-subdistrict-42,Q2920086,ירקונה,יַרקוֹנָה,פתח תקווה,פתח תקווה,רחובות,חולון,מְחוֹזַה יְצוֹר,False,False,False,False,חולון,מחוזה יצור,https://he.wikipedia.org/wiki/%D7%99%D7%A8%D7%A7%D7%95%D7%A0%D7%94,https://data.gov.il/he/datasets/lamas/localities-in-israel/d47a54ff-87f0-44b3-b33a-f284c0c38e5a,https://www.wikidata.org/wiki/Q2920086,cross_source_checked_no_independent_speaker_review
hebrew_cbs,Q2920107-CBS-subdistrict-41,Q2920107,שער אפרים,שַׁעַר אֶפְרַיִם,השרון,השרון,רמלה,שפלת עזה,שפלת יזרעאל,False,False,False,False,שפלת עזה,שפלת יזרעאל,https://he.wikipedia.org/wiki/%D7%A9%D7%A2%D7%A8%20%D7%90%D7%A4%D7%A8%D7%99%D7%9D,https://data.gov.il/he/datasets/lamas/localities-in-israel/d47a54ff-87f0-44b3-b33a-f284c0c38e5a,https://www.wikidata.org/wiki/Q2920107,cross_source_checked_no_independent_speaker_review
hebrew_cbs,Q2920113-CBS-subdistrict-44,Q2920113,גן הדרום,גַּן הַדָּרוֹם,רחובות,רחובות,השרון,שער הנגב,שער הנגב,False,False,False,False,שער הנגב,שער הנגב,https://he.wikipedia.org/wiki/%D7%92%D7%9F%20%D7%94%D7%93%D7%A8%D7%95%D7%9D,https://data.gov.il/he/datasets/lamas/localities-in-israel/d47a54ff-87f0-44b3-b33a-f284c0c38e5a,https://www.wikidata.org/wiki/Q2920113,cross_source_checked_no_independent_speaker_review
hebrew_cbs,Q2920122-CBS-subdistrict-42,Q2920122,כפר סירקין,כְּפַר סִירְקִין,פתח תקווה,פתח תקווה,רחובות,שפלת יזרעאל,"חי""ש",False,False,False,False,שפלת יזרעאל,"חי""ש",https://he.wikipedia.org/wiki/%D7%9B%D7%A4%D7%A8%20%D7%A1%D7%99%D7%A8%D7%A7%D7%99%D7%9F,https://data.gov.il/he/datasets/lamas/localities-in-israel/d47a54ff-87f0-44b3-b33a-f284c0c38e5a,https://www.wikidata.org/wiki/Q2920122,cross_source_checked_no_independent_speaker_review
hebrew_cbs,Q2920129-CBS-subdistrict-11,Q2920129,זנוח,זָנוֹחַ,ירושלים,ירושלים,תל אביב,שפלת יזרעאל,שדה יוסף,False,False,False,False,שפלת יזרעאל,שדה יוסף,https://he.wikipedia.org/wiki/%D7%96%D7%A0%D7%95%D7%97,https://data.gov.il/he/datasets/lamas/localities-in-israel/d47a54ff-87f0-44b3-b33a-f284c0c38e5a,https://www.wikidata.org/wiki/Q2920129,cross_source_checked_no_independent_speaker_review
hebrew_cbs,Q2920136-CBS-subdistrict-42,Q2920136,עינת,עֵינַת,פתח תקווה,פתח תקווה,רחובות,"חי""ש","חי""ש",False,False,False,False,"חי""ש","חי""ש",https://he.wikipedia.org/wiki/%D7%A2%D7%99%D7%A0%D7%AA,https://data.gov.il/he/datasets/lamas/localities-in-israel/d47a54ff-87f0-44b3-b33a-f284c0c38e5a,https://www.wikidata.org/wiki/Q2920136,cross_source_checked_no_independent_speaker_review
hebrew_cbs,Q2920181-CBS-subdistrict-42,Q2920181,ירחיב,יַרְחִיב,פתח תקווה,פתח תקווה,רחובות,שדה אלון,שער הנגב,False,False,False,False,שדה אלון,שער הנגב,https://he.wikipedia.org/wiki/%D7%99%D7%A8%D7%97%D7%99%D7%91,https://data.gov.il/he/datasets/lamas/localities-in-israel/d47a54ff-87f0-44b3-b33a-f284c0c38e5a,https://www.wikidata.org/wiki/Q2920181,cross_source_checked_no_independent_speaker_review
hebrew_cbs,Q2920219-CBS-subdistrict-44,Q2920219,קבוצת יבנה,קְבוּצַת יַבְנֶה,רחובות,רחובות,השרון,שח,שדה דומינגו,False,False,False,False,שח,שדה דומינגו,https://he.wikipedia.org/wiki/%D7%A7%D7%91%D7%95%D7%A6%D7%AA%20%D7%99%D7%91%D7%A0%D7%94,https://data.gov.il/he/datasets/lamas/localities-in-israel/d47a54ff-87f0-44b3-b33a-f284c0c38e5a,https://www.wikidata.org/wiki/Q2920219,cross_source_checked_no_independent_speaker_review
hebrew_cbs,Q2920231-CBS-subdistrict-44,Q2920231,בית רבן,בֵּית רַבָּן,רחובות,רחובות,השרון,שדה יוסף,שפלת יזרעאל,False,False,False,False,שדה יוסף,שפלת יזרעאל,https://he.wikipedia.org/wiki/%D7%92%D7%91%D7%A2%D7%AA%20%D7%95%D7%A9%D7%99%D7%A0%D7%92%D7%98%D7%95%D7%9F,https://data.gov.il/he/datasets/lamas/localities-in-israel/d47a54ff-87f0-44b3-b33a-f284c0c38e5a,https://www.wikidata.org/wiki/Q2920231,cross_source_checked_no_independent_speaker_review
hebrew_cbs,Q2920461-CBS-subdistrict-41,Q2920461,בני דרור,בְּנֵי דְּרוֹר,השרון,השרון,רמלה,שער הנגב,שער הנגב,False,False,False,False,שער הנגב,שער הנגב,https://he.wikipedia.org/wiki/%D7%91%D7%A0%D7%99%20%D7%93%D7%A8%D7%95%D7%A8,https://data.gov.il/he/datasets/lamas/localities-in-israel/d47a54ff-87f0-44b3-b33a-f284c0c38e5a,https://www.wikidata.org/wiki/Q2920461,cross_source_checked_no_independent_speaker_review
hebrew_cbs,Q2920466-CBS-subdistrict-41,Q2920466,גנות הדר,גַּנּוֹת הָדָר,השרון,השרון,רמלה,מרדכי,"חי""ש",False,False,False,False,מרדכי,"חי""ש",https://he.wikipedia.org/wiki/%D7%92%D7%A0%D7%95%D7%AA%20%D7%94%D7%93%D7%A8,https://data.gov.il/he/datasets/lamas/localities-in-israel/d47a54ff-87f0-44b3-b33a-f284c0c38e5a,https://www.wikidata.org/wiki/Q2920466,cross_source_checked_no_independent_speaker_review
hebrew_cbs,Q2975331-CBS-subdistrict-62,Q2975331,עין תמר,עֵין תָּמָר,באר שבע,באר שבע,אשקלון,חברון,שער הנגב,False,False,False,False,חברון,שער הנגב,https://he.wikipedia.org/wiki/%D7%A2%D7%99%D7%9F%20%D7%AA%D7%9E%D7%A8,https://data.gov.il/he/datasets/lamas/localities-in-israel/d47a54ff-87f0-44b3-b33a-f284c0c38e5a,https://www.wikidata.org/wiki/Q2975331,cross_source_checked_no_independent_speaker_review
hebrew_cbs,Q335023-CBS-subdistrict-11,Q335023,אבו גוש,אַבּוּ גוֹשׁ,ירושלים,ירושלים,תל אביב,מרדכי,שער הנגב,False,False,False,False,מרדכי,שער הנגב,https://he.wikipedia.org/wiki/%D7%90%D7%91%D7%95%20%D7%92%D7%95%D7%A9,https://data.gov.il/he/datasets/lamas/localities-in-israel/d47a54ff-87f0-44b3-b33a-f284c0c38e5a,https://www.wikidata.org/wiki/Q335023,cross_source_checked_no_independent_speaker_review
hebrew_cbs,Q351620-CBS-subdistrict-24,Q351620,אדמית,אֲדָמִית,עכו,עכו,צפת,שפלת ירושלים,שער הנגב,False,False,False,False,שפלת ירושלים,שער הנגב,https://he.wikipedia.org/wiki/%D7%90%D7%93%D7%9E%D7%99%D7%AA,https://data.gov.il/he/datasets/lamas/localities-in-israel/d47a54ff-87f0-44b3-b33a-f284c0c38e5a,https://www.wikidata.org/wiki/Q351620,cross_source_checked_no_independent_speaker_review
hebrew_cbs,Q471949-CBS-subdistrict-21,Q471949,עמיר,עָמִיר,צפת,צפת,עכו,מחוז מנשה,שדה אלון,False,False,False,False,מחוז מנשה,שדה אלון,https://he.wikipedia.org/wiki/%D7%A2%D7%9E%D7%99%D7%A8,https://data.gov.il/he/datasets/lamas/localities-in-israel/d47a54ff-87f0-44b3-b33a-f284c0c38e5a,https://www.wikidata.org/wiki/Q471949,cross_source_checked_no_independent_speaker_review
hebrew_cbs,Q476835-CBS-subdistrict-44,Q476835,גבעת ברנר,גִּבְעַת בְּרֶנֶר,רחובות,רחובות,השרון,שפלת יזרעאל,שפלת יפו-מפתח,False,False,False,False,שפלת יזרעאל,שפלת יפו-מפתח,https://he.wikipedia.org/wiki/%D7%92%D7%91%D7%A2%D7%AA%20%D7%91%D7%A8%D7%A0%D7%A8,https://data.gov.il/he/datasets/lamas/localities-in-israel/d47a54ff-87f0-44b3-b33a-f284c0c38e5a,https://www.wikidata.org/wiki/Q476835,cross_source_checked_no_independent_speaker_review
hebrew_cbs,Q501543-CBS-subdistrict-61,Q501543,קריית מלאכי,קריית מַלְאָכִי,אשקלון,אשקלון,באר שבע,נפת אשקלון,שפלת יפו-מפתח,False,False,True,False,נפת אשקלון,שפלת יפו-מפתח,https://he.wikipedia.org/wiki/%D7%A7%D7%A8%D7%99%D7%99%D7%AA%20%D7%9E%D7%9C%D7%90%D7%9B%D7%99,https://data.gov.il/he/datasets/lamas/localities-in-israel/d47a54ff-87f0-44b3-b33a-f284c0c38e5a,https://www.wikidata.org/wiki/Q501543,cross_source_checked_no_independent_speaker_review
hebrew_cbs,Q550025-CBS-subdistrict-23,Q550025,טירת צבי,טִירַת צְבִי,יזרעאל,יזרעאל,כנרת,שדה אלון,שדה דומינגו,False,False,False,False,שדה אלון,שדה דומינגו,https://he.wikipedia.org/wiki/%D7%98%D7%99%D7%A8%D7%AA%20%D7%A6%D7%91%D7%99,https://data.gov.il/he/datasets/lamas/localities-in-israel/d47a54ff-87f0-44b3-b33a-f284c0c38e5a,https://www.wikidata.org/wiki/Q550025,cross_source_checked_no_independent_speaker_review
hebrew_cbs,Q571191-CBS-subdistrict-24,Q571191,שבי ציון,שָׁבֵי צִיּוֹן,עכו,עכו,צפת,מרכז,שפלת ירקון,False,False,False,False,מרכז,שפלת ירקון,https://he.wikipedia.org/wiki/%D7%A9%D7%91%D7%99%20%D7%A6%D7%99%D7%95%D7%9F,https://data.gov.il/he/datasets/lamas/localities-in-israel/d47a54ff-87f0-44b3-b33a-f284c0c38e5a,https://www.wikidata.org/wiki/Q571191,cross_source_checked_no_independent_speaker_review
hebrew_cbs,Q586687-CBS-subdistrict-31,Q586687,יגור,יָגוּר,חיפה,חיפה,חדרה,חיפה,שדה אלון,True,False,True,False,חיפה,שדה אלון,https://he.wikipedia.org/wiki/%D7%99%D7%92%D7%95%D7%A8,https://data.gov.il/he/datasets/lamas/localities-in-israel/d47a54ff-87f0-44b3-b33a-f284c0c38e5a,https://www.wikidata.org/wiki/Q586687,cross_source_checked_no_independent_speaker_review
hebrew_cbs,Q587948-CBS-subdistrict-44,Q587948,בן זכאי,בֶּן זַכַּאי,רחובות,רחובות,השרון,שער הנגב,שער הנגב,False,False,False,False,שער הנגב,שער הנגב,https://he.wikipedia.org/wiki/%D7%91%D7%9F%20%D7%96%D7%9B%D7%90%D7%99,https://data.gov.il/he/datasets/lamas/localities-in-israel/d47a54ff-87f0-44b3-b33a-f284c0c38e5a,https://www.wikidata.org/wiki/Q587948,cross_source_checked_no_independent_speaker_review
hebrew_cbs,Q607414-CBS-subdistrict-11,Q607414,כסלון,כְּסָלוֹן,ירושלים,ירושלים,תל אביב,חיפה,שפלת יזרעאל,False,False,False,False,חיפה,שפלת יזרעאל,https://he.wikipedia.org/wiki/%D7%9B%D7%A1%D7%9C%D7%95%D7%9F,https://data.gov.il/he/datasets/lamas/localities-in-israel/d47a54ff-87f0-44b3-b33a-f284c0c38e5a,https://www.wikidata.org/wiki/Q607414,cross_source_checked_no_independent_speaker_review
hebrew_cbs,Q647488-CBS-subdistrict-42,Q647488,נחשונים,נַחְשׁוֹנִים,פתח תקווה,פתח תקווה,רחובות,שפלת יזרעאל,שפלת יפו-מפתח,False,False,False,False,שפלת יזרעאל,שפלת יפו-מפתח,https://he.wikipedia.org/wiki/%D7%A0%D7%97%D7%A9%D7%95%D7%A0%D7%99%D7%9D,https://data.gov.il/he/datasets/lamas/localities-in-israel/d47a54ff-87f0-44b3-b33a-f284c0c38e5a,https://www.wikidata.org/wiki/Q647488,cross_source_checked_no_independent_speaker_review
hebrew_cbs,Q6584252-CBS-subdistrict-21,Q6584252,כדיתה,כַּדִּיתָה,צפת,צפת,עכו,שדה יוסף,"חי""ר",False,False,False,False,שדה יוסף,"חי""ר",https://he.wikipedia.org/wiki/%D7%9B%D7%93%D7%99%D7%AA%D7%94,https://data.gov.il/he/datasets/lamas/localities-in-israel/d47a54ff-87f0-44b3-b33a-f284c0c38e5a,https://www.wikidata.org/wiki/Q6584252,cross_source_checked_no_independent_speaker_review
hebrew_cbs,Q6640244-CBS-subdistrict-61,Q6640244,בני דקלים,בְּנֵי דְּקָלִים,אשקלון,אשקלון,באר שבע,שער הנגב,שדה דומינגו,False,False,False,False,שער הנגב,שדה דומינגו,https://he.wikipedia.org/wiki/%D7%91%D7%A0%D7%99%20%D7%93%D7%A7%D7%9C%D7%99%D7%9D,https://data.gov.il/he/datasets/lamas/localities-in-israel/d47a54ff-87f0-44b3-b33a-f284c0c38e5a,https://www.wikidata.org/wiki/Q6640244,cross_source_checked_no_independent_speaker_review
hebrew_cbs,Q730195-CBS-subdistrict-25,Q730195,עין מאהל,עֵין מַ֫אהֶל,יזרעאל,יזרעאל,כנרת,"חי""ש",מרדכי,False,False,False,False,"חי""ש",מרדכי,https://he.wikipedia.org/wiki/%D7%A2%D7%99%D7%9F%20%D7%9E%D7%90%D7%94%D7%9C,https://data.gov.il/he/datasets/lamas/localities-in-israel/d47a54ff-87f0-44b3-b33a-f284c0c38e5a,https://www.wikidata.org/wiki/Q730195,cross_source_checked_no_independent_speaker_review
hebrew_cbs,Q731831-CBS-subdistrict-22,Q731831,שער הגולן,שַׁעַר הַגּוֹלָן,כנרת,כנרת,צפת,חייץ,חֶבְרֹשֶׁת,False,False,False,False,חייץ,חברשת,https://he.wikipedia.org/wiki/%D7%A9%D7%A2%D7%A8%20%D7%94%D7%92%D7%95%D7%9C%D7%9F,https://data.gov.il/he/datasets/lamas/localities-in-israel/d47a54ff-87f0-44b3-b33a-f284c0c38e5a,https://www.wikidata.org/wiki/Q731831,cross_source_checked_no_independent_speaker_review
hebrew_cbs,Q814900-CBS-subdistrict-24,Q814900,בית ג'ן,בֵּית גַ'ן,עכו,עכו,צפת,שומרון,מרדכי,False,False,False,False,שומרון,מרדכי,https://he.wikipedia.org/wiki/%D7%91%D7%99%D7%AA%20%D7%92%27%D7%9F,https://data.gov.il/he/datasets/lamas/localities-in-israel/d47a54ff-87f0-44b3-b33a-f284c0c38e5a,https://www.wikidata.org/wiki/Q814900,cross_source_checked_no_independent_speaker_review
hebrew_cbs,Q845866-CBS-subdistrict-51,Q845866,רמת השרון,רָמַת הַשָּׁרוֹן,תל אביב,תל אביב,ירושלים,תל אביב,מרכז הארץ,True,False,True,False,תל אביב,מרכז הארץ,https://he.wikipedia.org/wiki/%D7%A8%D7%9E%D7%AA%20%D7%94%D7%A9%D7%A8%D7%95%D7%9F,https://data.gov.il/he/datasets/lamas/localities-in-israel/d47a54ff-87f0-44b3-b33a-f284c0c38e5a,https://www.wikidata.org/wiki/Q845866,cross_source_checked_no_independent_speaker_review
hebrew_cbs,Q863890-CBS-subdistrict-32,Q863890,בנימינה-גבעת עדה,בִּנְיָמִינָה-גִּבְעַת עָדָה,חדרה,חדרה,חיפה,שער הנגב,שדה,False,False,False,False,שער הנגב,שדה,https://he.wikipedia.org/wiki/%D7%91%D7%A0%D7%99%D7%9E%D7%99%D7%A0%D7%94-%D7%92%D7%91%D7%A2%D7%AA%20%D7%A2%D7%93%D7%94,https://data.gov.il/he/datasets/lamas/localities-in-israel/d47a54ff-87f0-44b3-b33a-f284c0c38e5a,https://www.wikidata.org/wiki/Q863890,cross_source_checked_no_independent_speaker_review
hebrew_cbs,Q921505-CBS-subdistrict-44,Q921505,גדרה,גְּדֵרָה,רחובות,רחובות,השרון,שער הנגב,"חי""ש",False,False,False,False,שער הנגב,"חי""ש",https://he.wikipedia.org/wiki/%D7%92%D7%93%D7%A8%D7%94,https://data.gov.il/he/datasets/lamas/localities-in-israel/d47a54ff-87f0-44b3-b33a-f284c0c38e5a,https://www.wikidata.org/wiki/Q921505,cross_source_checked_no_independent_speaker_review
hebrew_cbs,Q924849-CBS-subdistrict-44,Q924849,גן יבנה,גַּן יַבְנֶה,רחובות,רחובות,השרון,שם הנפה הוא מחוז מרכז.,שפלת יפו-מפתח,False,False,False,False,שם הנפה הוא מחוז מרכז,שפלת יפו-מפתח,https://he.wikipedia.org/wiki/%D7%92%D7%9F%20%D7%99%D7%91%D7%A0%D7%94,https://data.gov.il/he/datasets/lamas/localities-in-israel/d47a54ff-87f0-44b3-b33a-f284c0c38e5a,https://www.wikidata.org/wiki/Q924849,cross_source_checked_no_independent_speaker_review
hebrew_cbs,Q925908-CBS-subdistrict-62,Q925908,לקיה,לַקִיָּה,באר שבע,באר שבע,אשקלון,שפלת יזרעאל,"חי""ש",False,False,False,False,שפלת יזרעאל,"חי""ש",https://he.wikipedia.org/wiki/%D7%9C%D7%A7%D7%99%D7%99%D7%94,https://data.gov.il/he/datasets/lamas/localities-in-israel/d47a54ff-87f0-44b3-b33a-f284c0c38e5a,https://www.wikidata.org/wiki/Q925908,cross_source_checked_no_independent_speaker_review
hebrew_cbs,Q932073-CBS-subdistrict-42,Q932073,רמת הכובש,רָמַת הַכּוֹבֵשׁ,פתח תקווה,פתח תקווה,רחובות,שפלת יזרעאל,שדה דומינגו,False,False,False,False,שפלת יזרעאל,שדה דומינגו,https://he.wikipedia.org/wiki/%D7%A8%D7%9E%D7%AA%20%D7%94%D7%9B%D7%95%D7%91%D7%A9,https://data.gov.il/he/datasets/lamas/localities-in-israel/d47a54ff-87f0-44b3-b33a-f284c0c38e5a,https://www.wikidata.org/wiki/Q932073,cross_source_checked_no_independent_speaker_review
hebrew_cbs,Q937128-CBS-subdistrict-22,Q937128,בית קשת,בֵּית קֶשֶת,כנרת,כנרת,צפת,מרדכי,שדה אלון,False,False,False,False,מרדכי,שדה אלון,https://he.wikipedia.org/wiki/%D7%91%D7%99%D7%AA%20%D7%A7%D7%A9%D7%AA,https://data.gov.il/he/datasets/lamas/localities-in-israel/d47a54ff-87f0-44b3-b33a-f284c0c38e5a,https://www.wikidata.org/wiki/Q937128,cross_source_checked_no_independent_speaker_review
hebrew_cbs,Q938477-CBS-subdistrict-41,Q938477,בני ציון,בְּנֵי ציּוֹן,השרון,השרון,רמלה,שפלת יזרעאל,שפלת ירקון,False,False,False,False,שפלת יזרעאל,שפלת ירקון,https://he.wikipedia.org/wiki/%D7%91%D7%A0%D7%99%20%D7%A6%D7%99%D7%95%D7%9F,https://data.gov.il/he/datasets/lamas/localities-in-israel/d47a54ff-87f0-44b3-b33a-f284c0c38e5a,https://www.wikidata.org/wiki/Q938477,cross_source_checked_no_independent_speaker_review
hebrew_cbs,Q939277-CBS-subdistrict-24,Q939277,צורית,צוּרִית,עכו,עכו,צפת,חיספין,שפלת יזרעאל,False,False,False,False,חיספין,שפלת יזרעאל,https://he.wikipedia.org/wiki/%D7%A6%D7%95%D7%A8%D7%99%D7%AA,https://data.gov.il/he/datasets/lamas/localities-in-israel/d47a54ff-87f0-44b3-b33a-f284c0c38e5a,https://www.wikidata.org/wiki/Q939277,cross_source_checked_no_independent_speaker_review
hebrew_cbs,Q942371-CBS-subdistrict-11,Q942371,"נתיב הל""ה","נְתִיב הַל""ה",ירושלים,ירושלים,תל אביב,שדה אלון,שדה אלון,False,False,False,False,שדה אלון,שדה אלון,https://he.wikipedia.org/wiki/%D7%A0%D7%AA%D7%99%D7%91%20%D7%94%D7%9C%22%D7%94,https://data.gov.il/he/datasets/lamas/localities-in-israel/d47a54ff-87f0-44b3-b33a-f284c0c38e5a,https://www.wikidata.org/wiki/Q942371,cross_source_checked_no_independent_speaker_review
hebrew_cbs,Q950347-CBS-subdistrict-52,Q950347,אור יהודה,אוֹר יהוּדָה,תל אביב,תל אביב,ירושלים,מרדכי,מְחַזֶּה,False,False,False,False,מרדכי,מחזה,https://he.wikipedia.org/wiki/%D7%90%D7%95%D7%A8%20%D7%99%D7%94%D7%95%D7%93%D7%94,https://data.gov.il/he/datasets/lamas/localities-in-israel/d47a54ff-87f0-44b3-b33a-f284c0c38e5a,https://www.wikidata.org/wiki/Q950347,cross_source_checked_no_independent_speaker_review
hebrew_cbs,Q952186-CBS-subdistrict-53,Q952186,אזור,אָזוֹר,תל אביב,תל אביב,ירושלים,שפלת יזרעאל,שפלת יזרעאל,False,False,False,False,שפלת יזרעאל,שפלת יזרעאל,https://he.wikipedia.org/wiki/%D7%90%D7%96%D7%95%D7%A8,https://data.gov.il/he/datasets/lamas/localities-in-israel/d47a54ff-87f0-44b3-b33a-f284c0c38e5a,https://www.wikidata.org/wiki/Q952186,cross_source_checked_no_independent_speaker_review
hebrew_cbs,Q960557-CBS-subdistrict-43,Q960557,שעלבים,שַׁעַלְבִּים,רמלה,רמלה,השרון,שפלת יזרעאל,שפלת יזרעאל,False,False,False,False,שפלת יזרעאל,שפלת יזרעאל,https://he.wikipedia.org/wiki/%D7%A9%D7%A2%D7%9C%D7%91%D7%99%D7%9D,https://data.gov.il/he/datasets/lamas/localities-in-israel/d47a54ff-87f0-44b3-b33a-f284c0c38e5a,https://www.wikidata.org/wiki/Q960557,cross_source_checked_no_independent_speaker_review
hebrew_cbs,Q990653-CBS-subdistrict-61,Q990653,ברור חיל,בְּרוֹר חַיִל,אשקלון,אשקלון,באר שבע,מרכז,שדה יוסף,False,False,False,False,מרכז,שדה יוסף,https://he.wikipedia.org/wiki/%D7%91%D7%A8%D7%95%D7%A8%20%D7%97%D7%99%D7%9C,https://data.gov.il/he/datasets/lamas/localities-in-israel/d47a54ff-87f0-44b3-b33a-f284c0c38e5a,https://www.wikidata.org/wiki/Q990653,cross_source_checked_no_independent_speaker_review
hebrew_cbs,Q990657-CBS-subdistrict-24,Q990657,שפרעם,שְׁפַרְעָם,עכו,עכו,צפת,מחוז חוף,שפירעם נמצאת בנפה: נפת חפר עציון,False,False,False,False,מחוז חוף,שפירעם נמצאת בנפה: נפת חפר עציון,https://he.wikipedia.org/wiki/%D7%A9%D7%A4%D7%A8%D7%A2%D7%9D,https://data.gov.il/he/datasets/lamas/localities-in-israel/d47a54ff-87f0-44b3-b33a-f284c0c38e5a,https://www.wikidata.org/wiki/Q990657,cross_source_checked_no_independent_speaker_review
